scorer,DLC_Resnet50_FootfallMar18shuffle1_snapshot_best-120,DLC_Resnet50_FootfallMar18shuffle1_snapshot_best-120,DLC_Resnet50_FootfallMar18shuffle1_snapshot_best-120,DLC_Resnet50_FootfallMar18shuffle1_snapshot_best-120,DLC_Resnet50_FootfallMar18shuffle1_snapshot_best-120,DLC_Resnet50_FootfallMar18shuffle1_snapshot_best-120,DLC_Resnet50_FootfallMar18shuffle1_snapshot_best-120,DLC_Resnet50_FootfallMar18shuffle1_snapshot_best-120,DLC_Resnet50_FootfallMar18shuffle1_snapshot_best-120,DLC_Resnet50_FootfallMar18shuffle1_snapshot_best-120,DLC_Resnet50_FootfallMar18shuffle1_snapshot_best-120,DLC_Resnet50_FootfallMar18shuffle1_snapshot_best-120
bodyparts,RF,RF,RF,LF,LF,LF,RH,RH,RH,LH,LH,LH
coords,x,y,likelihood,x,y,likelihood,x,y,likelihood,x,y,likelihood
0,479.9891,708.86487,0.47333354,478.59885,706.36255,0.3868866,10.956364,698.6278,0.5221724,23.1731,696.06396,0.60776305
1,482.9326,710.1337,0.48105988,481.13486,707.3472,0.4062526,10.956364,699.8654,0.41988474,39.30564,696.06396,0.47778684
2,567.696,710.1337,0.4816643,565.081,707.3472,0.4220793,10.956364,715.40216,0.3493183,41.324673,696.06396,0.48473743
3,567.696,710.1337,0.47398993,565.081,707.3472,0.42002872,14.9097185,719.3479,0.49376127,45.334213,694.5952,0.5179558
4,568.45526,709.8565,0.4881766,565.8033,707.3472,0.42466918,14.9097185,720.0146,0.640983,54.858612,692.51294,0.5462681
5,568.85815,710.1337,0.5702671,566.57025,707.72235,0.50447035,14.9097185,720.5056,0.73203015,63.637978,689.5404,0.5715962
6,570.8758,709.8565,0.5344902,570.9634,707.72235,0.46157235,18.068117,720.5056,0.73807126,70.66652,689.5404,0.67151356
7,571.4078,710.44385,0.52443796,571.56635,708.3324,0.4534359,23.340158,721.9668,0.78762007,74.736916,689.5404,0.4542629
8,590.66046,710.44385,0.37752515,589.1395,708.3324,0.32874146,25.909697,722.1792,0.7946146,83.714874,691.24884,0.5705602
9,592.1868,712.1356,0.45976552,590.48413,709.7732,0.41066375,41.05812,722.2083,0.840778,83.714874,692.8809,0.5008622
10,592.48376,712.1559,0.42649868,590.85095,710.83276,0.38272756,56.403294,722.2083,0.91433877,97.707184,692.8809,0.54950047
11,594.60925,714.83044,0.44537133,592.2963,713.01404,0.37623718,58.977543,722.1792,0.8611486,105.12661,692.8809,0.33579892
12,592.48376,714.83044,0.45865545,590.85095,713.01404,0.39271778,63.669395,719.0431,1.0,115.72886,689.184,0.5536935
13,592.1868,714.83044,0.47810426,590.48413,713.01404,0.4078123,73.86785,718.6702,0.89921176,122.36443,688.7064,0.49635872
14,592.48376,715.49066,0.44757676,590.85095,713.4657,0.4069585,79.15744,718.6702,1.0,128.3265,687.55237,0.47789043
15,594.60925,715.49066,0.37648854,592.2963,713.4657,0.33009213,79.178345,718.6702,1.0,129.97768,686.145,0.48583055
16,643.21326,715.49066,0.5440587,640.8342,713.4657,0.47489938,82.31718,719.0754,1.0,135.30884,685.8806,0.56162155
17,643.26843,716.5071,0.5758978,641.024,714.4088,0.5024664,87.077484,719.4226,1.0,140.99603,687.294,0.4394099
18,643.4352,717.16565,0.5896551,641.1286,715.00037,0.51583666,88.753876,719.4226,0.8312553,148.91728,685.345,0.6379548
19,643.4352,717.50134,0.58783954,641.1286,715.15643,0.51646227,94.42349,719.0754,0.7024844,153.10828,685.2782,0.59651226
20,643.5753,717.5823,0.5832424,641.33746,715.3472,0.5141069,97.33584,717.73267,0.69405824,157.06703,684.57166,0.45981023
21,643.6222,717.7712,0.5806512,641.33746,715.437,0.51239675,97.33584,716.3072,0.6660079,158.62486,684.57166,0.4746791
22,643.72906,718.00757,0.59090793,641.61774,715.6498,0.52188605,97.33584,716.3072,0.59500563,159.36755,684.57166,0.48855808
23,643.72906,718.0445,0.5835891,641.61774,715.70544,0.5136183,90.558754,714.93207,0.5218532,161.72481,685.1056,0.5544531
24,643.72906,718.4965,0.5777329,641.6225,716.1125,0.5129165,90.558754,716.17084,0.5696573,163.28969,685.17444,0.5661656
25,644.07227,718.4965,0.57473266,641.933,716.1125,0.51103693,90.558754,716.17084,0.56536657,163.5435,686.194,0.5506197
26,644.3935,718.4965,0.57757217,642.2051,716.1125,0.514326,99.56485,715.424,0.5629769,166.11911,686.2331,0.55528706
27,644.6237,718.47284,0.5832571,642.39246,715.9207,0.5179628,100.693474,715.424,0.57319206,166.3113,686.46625,0.54695016
28,645.39264,718.1908,0.5764591,643.0882,715.5875,0.51154363,108.91289,716.17084,0.70135325,168.27856,688.8501,0.49547982
29,645.39264,717.98846,0.5881901,643.0882,715.3982,0.5233602,109.04643,715.7168,0.7958194,168.27856,689.3437,0.4725147
30,645.39264,717.8933,0.5892821,643.0882,715.3982,0.5234919,110.53143,715.7168,0.6999822,168.85794,692.1258,0.4450636
31,644.93933,717.8933,0.58023596,642.5911,715.3982,0.512753,111.02347,715.7168,0.6803555,168.6697,692.613,0.4531209
32,644.4862,717.8933,0.5841201,642.1802,715.4592,0.517217,111.29514,715.4018,0.70413154,168.39677,692.613,0.45740452
33,644.2117,718.14453,0.58052856,641.92224,715.69806,0.5145666,111.33807,715.4018,0.70200443,168.57016,692.2837,0.4712583
34,644.2117,718.1588,0.58040994,641.92224,715.726,0.51458526,111.54103,715.4018,0.69812936,168.57016,692.4327,0.49039537
35,644.2117,718.26917,0.57197815,641.92224,715.834,0.5065256,111.57101,715.39996,0.69633675,168.57016,692.2837,0.4848139
36,644.25586,718.27185,0.5760028,642.05096,715.8626,0.5106149,112.01622,715.2763,0.71474475,168.57016,691.8918,0.47611547
37,644.2989,718.27185,0.57021016,642.07623,715.8626,0.50524044,113.7831,714.40356,0.6187503,171.32925,692.2837,0.51333976
38,644.2989,718.27185,0.57412577,642.07623,715.834,0.50971454,115.0238,714.0535,0.6209369,172.60455,692.4327,0.46965057
39,644.25586,715.1399,0.5185256,642.07623,712.36523,0.4490794,115.90528,714.0535,0.5797337,172.81679,693.6742,0.4388274
40,644.5669,714.7925,0.3770067,642.3635,712.31055,0.3299183,116.12227,713.96814,0.5905158,210.63976,712.611,0.47358906
41,649.0154,713.1103,0.3926623,647.0764,711.008,0.33797288,118.75069,713.96814,0.6252676,215.41318,712.611,0.53124124
42,718.29297,708.4304,0.4450994,716.9566,706.55365,0.37269345,143.63167,713.96814,0.6065656,216.1341,712.703,0.4861447
43,718.36536,708.4304,0.44788912,717.2001,706.55365,0.3731862,156.62555,714.09467,0.59542483,222.83757,713.86304,0.45972082
44,718.70654,708.4304,0.46272764,717.2021,706.55365,0.38919908,169.7544,716.8327,0.82396966,239.55379,712.703,0.43783227
45,718.70654,709.52875,0.4751286,717.2021,707.4644,0.40166768,169.7544,718.9473,0.84496343,266.79456,711.84406,0.29759762
46,720.13513,709.58765,0.47146434,718.1454,707.5629,0.3991391,169.7544,718.9473,0.8252219,274.90982,710.3169,0.5216381
47,721.14685,709.59607,0.47993356,719.0375,707.702,0.40232694,171.22154,718.9473,0.82809126,275.46878,709.821,0.5394026
48,723.90204,709.83374,0.48025644,722.0,707.8243,0.40911317,171.46585,718.50964,0.8329883,275.46878,709.7607,0.5475441
49,723.995,709.93835,0.47637928,722.95374,707.91614,0.3973113,171.46585,718.3962,0.81689364,275.46878,708.27545,0.5525137
50,724.0725,710.1167,0.4711028,723.00006,708.10284,0.39497247,171.46585,718.16254,0.87850535,275.06146,704.9858,0.49529198
51,725.0938,710.415,0.47362372,723.7681,708.31305,0.40120968,171.46585,717.9459,0.8724417,246.64484,681.3215,0.5024095
52,724.0725,710.6926,0.49633777,723.00006,708.48663,0.4300166,183.34253,714.78503,0.8941509,246.64484,678.28326,0.6091875
53,725.2931,710.6926,0.44160658,723.91504,708.48663,0.3853921,194.03548,714.78503,0.9869492,246.64484,670.05505,0.5665941
54,727.36914,710.6926,0.3498786,724.79926,708.48663,0.286934,200.90216,714.78503,0.9687628,260.52563,670.05505,0.48658606
55,787.38165,706.9643,0.47330025,785.81616,705.2518,0.39199612,215.00824,714.78503,0.8955061,275.8293,670.05505,0.3918341
56,787.93054,706.9643,0.5505667,786.49414,705.2518,0.463523,224.91405,714.78503,0.80546635,289.63785,671.2725,0.5878243
57,788.83264,706.9643,0.5619448,786.9294,705.2518,0.46867946,242.19574,710.7239,0.88707197,295.60193,673.54803,0.6021168
58,790.6273,706.9643,0.5509116,789.343,705.97675,0.46108642,248.11781,710.7239,1.0,300.5992,677.32605,0.5351581
59,791.67175,706.9643,0.5304181,790.2088,705.97675,0.44227257,248.45601,710.7239,0.9675632,308.45584,677.32605,0.7417478
60,794.1062,706.7864,0.48602194,792.07117,705.97675,0.39874977,260.707,712.8678,0.937062,314.2181,674.4448,0.56419444
61,794.1576,706.67535,0.48251158,792.15717,706.26666,0.39239478,261.48,712.8678,0.98707944,314.5776,674.38043,0.58975786
62,794.1576,706.67535,0.48405993,792.15717,706.26666,0.39394435,263.94812,713.0339,0.9684919,316.6328,674.4448,0.632148
63,794.4082,706.67535,0.496323,793.88214,705.6667,0.41200528,267.39032,713.2531,1.0,319.78796,674.4448,0.75219285
64,794.1576,706.80634,0.503651,792.15717,706.6709,0.42659783,269.53973,713.2531,1.0,320.17664,675.4277,0.7269476
65,793.9559,706.9156,0.50038034,791.96313,706.9653,0.4118837,271.87897,713.6994,1.0,322.5243,679.8329,0.61651576
66,793.5244,707.2528,0.5064988,791.60266,706.9653,0.42186385,276.8098,713.6994,0.9784218,325.06525,682.6981,0.526219
67,793.5244,707.37335,0.51456904,791.60266,707.01074,0.43450207,282.25656,713.6994,0.77909106,332.35483,687.8279,0.47099197
68,793.5244,708.1224,0.5308482,791.60266,707.17365,0.47265726,284.68332,712.819,0.78675073,335.518,693.83215,0.39216325
69,792.90924,709.2814,0.54880625,791.02765,707.59436,0.4684161,286.4297,712.64636,0.7399675,339.627,693.83215,0.46622038
70,791.1857,709.33405,0.49960217,789.66864,707.59436,0.42741004,292.87146,712.64636,0.807653,357.24643,693.83215,0.22397889
71,791.2972,709.33405,0.46001327,789.70276,707.59436,0.40841803,297.89694,712.819,0.7030483,366.90436,684.8788,0.48824036
72,791.2972,709.2814,0.49966848,789.70276,707.38385,0.45629618,315.08527,712.9251,0.9017503,374.43213,683.39197,0.3836834
73,791.2972,709.0097,0.5304197,789.70276,706.9471,0.47945637,329.45932,714.46735,0.8733297,374.43213,681.89984,0.49661607
74,791.4538,709.0097,0.56921977,789.8092,706.8655,0.51361173,331.41788,714.7815,0.9465402,379.59265,681.89984,0.45226368
75,791.7897,709.0097,0.55866706,790.02856,706.8655,0.50220895,332.05878,714.7815,0.91139835,383.36093,681.93713,0.4809544
76,792.0195,709.09454,0.5450638,790.2249,706.81366,0.4913643,337.02274,714.46735,0.90963775,387.6151,681.93713,0.48825845
77,792.0671,709.09454,0.50143135,790.3433,706.81366,0.4496042,342.33575,712.2485,0.8661313,388.49225,683.2634,0.50633776
78,792.1656,709.09454,0.50803,790.5349,706.8655,0.45587662,347.45667,712.213,0.7717676,394.5467,683.3161,0.3524588
79,793.216,708.8455,0.50389856,791.36,706.9169,0.45045426,349.583,710.1022,0.89789927,401.35867,683.3161,0.3724691
80,793.9558,708.8455,0.43500555,832.7452,710.9192,0.3802063,350.97336,707.2178,0.8999324,403.60907,683.2634,0.4694227
81,797.8751,708.8455,0.44372392,832.7452,710.9192,0.38591412,357.38693,707.0387,0.9702292,406.73877,683.04535,0.4252797
82,828.1979,711.44055,0.42166588,832.7452,710.9192,0.38205498,361.84338,706.42426,0.9087637,418.02756,673.65027,0.57561725
83,831.7297,711.44055,0.39798778,833.2316,709.46985,0.33534253,376.1556,706.42426,0.7886077,427.83783,670.66254,0.44014958
84,831.7297,711.44055,0.42791688,828.94385,709.34436,0.37520397,382.5362,707.0387,0.9431158,433.8719,669.05133,0.5035274
85,831.7297,711.44055,0.46643797,828.94385,709.30347,0.4015743,385.17017,707.34827,1.0,436.4265,669.05133,0.7403281
86,832.7895,711.44055,0.41155016,829.7815,709.30347,0.35879353,388.55783,707.6801,1.0,440.15063,669.6475,0.5137529
87,834.0713,711.2783,0.41449013,830.9065,709.21405,0.3550729,389.70206,708.06995,1.0,440.51147,670.66254,0.5676962
88,834.0713,711.2783,0.46819353,830.9065,709.21405,0.41116393,391.96432,709.4176,1.0,441.86932,671.21594,0.5649648
89,835.15356,710.9996,0.48776692,831.9098,708.6356,0.42540562,400.17413,711.659,1.0,450.04205,671.8484,0.74196714
90,837.51965,710.8988,0.5240487,834.378,708.5414,0.46553454,409.09128,715.6097,1.0,456.81558,671.8484,0.5985261
91,837.92285,710.1474,0.5667701,834.6035,707.65607,0.4983754,415.97952,717.3808,0.92265534,463.4835,671.9106,0.6806374
92,838.7779,709.96576,0.5505761,835.4384,707.2801,0.48079923,418.50006,717.3808,0.95122766,464.6797,673.88226,0.6877203
93,838.7779,709.96576,0.5488035,835.4384,707.2801,0.4742906,419.0928,717.56396,0.9455709,464.97607,673.88226,0.6701396
94,838.9898,709.7076,0.48886272,835.54205,707.0449,0.40628442,419.09448,717.3808,0.95858663,465.5922,676.0278,0.6547115
95,844.2903,709.96576,0.34544402,842.2926,707.2801,0.3042451,419.2348,717.2171,0.9623881,465.9374,681.4175,0.5597057
96,937.2107,710.5309,0.45212224,937.7599,708.60657,0.3863077,420.16055,715.943,0.948415,466.55103,681.4175,0.6115094
97,938.78033,710.9421,0.4767395,939.0094,708.96106,0.41036257,420.60623,715.943,0.9592497,467.20676,681.4175,0.56572825
98,939.1283,710.9421,0.47112378,939.2763,708.96106,0.40781367,420.87686,715.943,0.9579947,467.83676,681.19916,0.54056895
99,939.6306,712.0384,0.44761455,939.81256,709.88513,0.39668766,421.81506,716.0568,0.93524456,468.36072,679.55707,0.488903
100,939.9101,712.5383,0.430406,940.2663,710.3384,0.3923973,423.76938,716.44525,0.90638727,469.55478,677.52637,0.51078844
101,940.2644,712.68823,0.4185854,940.6496,710.42694,0.38084403,427.24963,716.48645,0.98014325,474.51407,673.0215,0.52874625
102,940.2894,712.9769,0.4185813,940.7121,710.60815,0.38447407,430.42734,716.48645,0.99284106,475.24203,672.7911,0.5223952
103,940.4406,712.996,0.41481495,940.72675,710.6855,0.38135704,432.12497,716.5327,0.9555147,478.6455,671.6114,0.50045353
104,940.2894,713.2197,0.41195813,940.7121,710.8534,0.38124114,432.31934,717.2605,0.9708656,478.67593,671.30334,0.49283856
105,940.2894,713.2197,0.41642874,940.7121,710.8534,0.38626403,433.736,717.6163,0.97099733,480.1421,671.30334,0.4801723
106,940.10803,713.2197,0.41033974,940.2832,710.8534,0.37921622,436.0137,717.3555,1.0,482.15927,671.25635,0.50214607
107,939.9635,713.2362,0.41572553,940.2753,710.8534,0.383131,436.40128,717.3555,1.0,483.0033,671.1663,0.5440921
108,939.9635,713.2362,0.40513518,940.2753,710.8534,0.37551153,437.54074,717.6163,1.0,483.07788,671.1663,0.5104937
109,939.8925,713.53986,0.37977323,940.23785,710.9126,0.35677353,438.4143,718.0303,1.0,484.56766,670.98474,0.52125543
110,939.8446,713.6278,0.37224677,940.23785,711.0527,0.34972695,439.01364,718.1323,0.99071157,484.77158,670.98474,0.5138048
111,939.8446,713.838,0.36642477,940.2753,711.1931,0.34540096,439.0352,718.2361,0.996401,485.1881,670.90076,0.48547876
112,939.9192,713.9195,0.3629881,940.22253,711.309,0.34277213,439.5733,718.3293,0.9582673,487.07462,670.90076,0.48758683
113,939.9192,713.9195,0.35039142,940.22253,711.309,0.331952,439.78342,718.3293,0.95116824,495.5679,666.7538,0.5804565
114,940.0527,713.9862,0.34500122,940.2847,711.316,0.32842892,439.90173,718.3293,0.9433789,495.5679,666.49133,0.6156752
115,940.1268,713.9862,0.34077692,940.4847,711.316,0.32585445,439.90173,718.3293,0.9664396,496.38806,665.9676,0.60527784
116,940.3961,713.91284,0.34375352,940.7032,711.316,0.3296304,439.9728,718.3293,0.92439693,496.6346,665.9676,0.59291095
117,940.8594,713.88477,0.34951937,941.20905,711.34875,0.3343599,439.9728,718.4627,0.9340351,496.38806,665.9676,0.60353017
118,940.93024,713.8652,0.3308806,941.20905,711.34875,0.3178057,440.32632,718.56836,0.93317264,496.38806,665.7492,0.60712653
119,940.93024,713.7765,0.33908978,941.20905,711.1459,0.32373735,440.33548,718.6365,0.9261493,496.38806,665.7492,0.57570827
120,940.93024,713.7764,0.33102328,941.122,711.276,0.31475762,441.193,718.72797,0.92559075,496.13074,665.89764,0.5781645
121,940.6091,713.7764,0.3311526,940.7244,711.276,0.31545368,441.2084,718.7521,0.9165607,495.59457,666.004,0.53683746
122,939.30023,713.775,0.33281794,938.93866,711.276,0.31249613,441.2084,718.79565,0.9231658,495.42807,667.4134,0.52237153
123,939.2573,713.7764,0.32627067,938.783,711.3654,0.3057073,441.193,718.8785,0.9291079,493.63666,667.4655,0.54492646
124,939.09326,713.9236,0.31479406,938.6467,711.4691,0.2956913,440.6981,718.79565,0.9132913,492.31766,667.7909,0.4495314
125,938.8939,713.9236,0.31417668,938.4927,711.4691,0.29522285,440.64728,718.79565,0.9274981,492.31766,667.7909,0.48527363
126,938.8939,713.775,0.30906907,938.4927,711.3654,0.29027694,440.08844,718.5733,0.9506849,489.91565,670.09985,0.44860837
127,938.46545,713.92755,0.3120094,938.0215,711.512,0.29131868,440.08276,718.454,0.94034624,489.6017,670.4443,0.43532825
128,937.31506,713.92755,0.30406684,936.7974,711.512,0.28293353,440.06708,718.454,0.9440527,489.6017,671.14746,0.47708806
129,936.2499,713.9397,0.3108612,935.20526,711.54193,0.28569528,440.01904,718.454,0.9450062,489.15857,671.14746,0.49923548
130,936.03253,714.08984,0.3190018,935.0466,711.6732,0.292822,439.98315,718.43036,0.9349885,488.95023,671.14746,0.48010343
131,935.8567,715.5871,0.3146633,934.89026,712.1094,0.28276762,439.77872,718.4167,0.94868094,489.15857,671.07715,0.47369227
132,935.8567,715.5871,0.32572088,934.89026,712.1094,0.28820708,439.39465,718.3185,0.97185296,489.15857,671.0345,0.48013255
133,935.79297,715.60284,0.30757776,934.89026,712.1314,0.27649012,439.28293,718.26184,0.9395229,492.55798,667.57806,0.45631436
134,935.8567,715.60284,0.3172038,935.14526,712.1314,0.28761047,439.28293,718.26184,0.96697533,492.55798,667.57806,0.43709224
135,935.87823,715.5062,0.31983405,935.2845,712.081,0.2821036,439.37308,718.3185,0.95899945,492.55798,667.57806,0.44356814
136,936.9432,714.5152,0.31283012,936.1213,712.0452,0.28984323,439.28293,718.26184,0.9622282,488.7629,670.10297,0.451239
137,940.52985,713.9673,0.34966362,939.53424,711.81805,0.32169366,439.26163,718.26184,0.9296731,487.6526,670.2595,0.50155497
138,941.5642,713.9673,0.35997012,940.1291,711.81805,0.3342175,439.21368,718.10724,0.95192903,486.75488,671.12146,0.5837995
139,941.5642,713.9673,0.3327485,940.28687,711.6981,0.30981055,439.20068,718.10724,0.9440362,485.941,671.2451,0.5849078
140,941.5642,713.9673,0.3321996,940.3,711.6981,0.31290305,439.13934,718.05817,0.95846355,485.84637,671.4021,0.6166639
141,941.54425,713.4411,0.31010348,940.3412,711.1802,0.29805797,439.1146,718.0163,0.9554394,485.84637,671.4232,0.63017184
142,941.2774,714.2327,0.29457214,940.3,711.6981,0.27735084,439.04752,718.0163,0.9665951,485.65222,671.4728,0.62002444
143,941.242,714.3718,0.27766657,940.3,711.6981,0.26031926,439.04752,717.9155,0.9824466,485.65222,671.4728,0.62770593
144,687.79456,720.08325,0.18888229,686.2553,718.07806,0.16139455,439.00775,717.7642,0.9562839,485.65222,671.43744,0.64443034
145,687.79456,720.08325,0.18130524,686.2553,718.07806,0.15463948,438.58826,717.7064,0.9497295,485.65222,671.43744,0.6405208
146,687.79456,720.08325,0.20434266,686.2553,718.07806,0.17486066,438.58826,717.30133,0.9589846,484.81927,671.43744,0.63910824
147,687.8197,719.7496,0.20671059,686.2993,717.7443,0.17637813,437.39148,717.30133,0.94527394,484.81183,671.43744,0.6543005
148,688.5979,719.26495,0.21579999,687.1307,717.2066,0.18408257,437.39148,717.26666,0.9271603,484.29364,671.7051,0.67723215
149,934.80725,715.595,0.3686252,932.5339,713.81775,0.32467222,437.39148,717.11,0.9543815,484.29364,672.3935,0.6828867
150,934.80725,715.4619,0.39813447,932.5339,713.51624,0.34817034,437.64926,717.00586,0.9463715,484.29364,672.3935,0.6837786
151,935.0323,715.4619,0.4021046,932.85767,713.4509,0.36451945,437.64926,717.0052,0.9498205,484.96643,672.3935,0.63726026
152,935.0323,715.595,0.39928538,932.85767,713.4509,0.36062267,437.64926,716.902,0.9425605,485.86368,672.2159,0.6124758
153,935.0323,715.4619,0.38819093,932.85767,713.44904,0.35401553,437.61978,716.8367,0.9392898,486.73096,672.0706,0.61316043
154,935.4693,715.4619,0.3816254,935.3272,712.58044,0.34220326,437.61978,716.8367,0.9349246,487.26547,672.0706,0.5765381
155,937.2709,714.9493,0.3808362,936.51263,712.55615,0.35026726,437.61978,716.902,0.9385558,488.21408,672.134,0.5678107
156,937.44244,714.5303,0.3877507,936.9733,712.0354,0.35608172,437.91843,716.9329,0.9353565,488.50333,672.2159,0.56149673
157,938.088,714.02435,0.4089952,937.7218,711.52783,0.37538603,438.24774,717.3276,0.969717,492.70108,672.50256,0.60193974
158,938.76544,713.4385,0.37580517,939.36694,710.8596,0.3481545,440.30392,718.8436,0.9540617,497.2112,677.9713,0.59081554
159,939.20953,713.057,0.3576606,939.75336,710.2476,0.3354115,445.9591,718.8436,1.0,504.69846,684.5125,0.4936307
160,941.9415,711.8206,0.38906422,943.3711,709.3206,0.36957476,460.97327,718.8436,0.9394054,520.0348,688.81287,0.49697796
161,942.29456,711.6657,0.3840888,943.4822,708.9849,0.36528677,485.70645,712.5113,0.8176695,568.24695,705.8098,0.27959415
162,943.72064,711.5089,0.37537646,944.52515,708.95825,0.35759118,487.44363,712.5113,0.7945195,575.114,705.82367,0.63379496
163,943.88153,711.43115,0.36158824,944.8716,708.905,0.34702194,492.90643,712.5113,0.8402713,581.9475,706.2581,0.66719455
164,943.88153,710.05334,0.38872337,944.8716,708.1306,0.36681283,504.2558,712.827,0.88133645,591.58136,707.2355,0.55750954
165,947.1779,710.0347,0.50472385,946.75305,707.1372,0.46325132,506.08212,713.9398,0.8882613,594.6055,707.2355,0.34092858
166,947.3634,709.01215,0.43384922,947.21124,707.1372,0.40082133,506.4284,714.2626,0.86723405,598.489,707.2355,0.4284772
167,1028.9366,709.01215,0.5248432,1028.6047,707.1372,0.46066418,516.1576,714.2626,0.82897645,626.6556,706.0352,0.5310851
168,1030.6708,710.05334,0.50815505,1029.7275,707.24646,0.4379668,529.3728,714.2626,0.90468794,626.6556,706.0352,0.5641542
169,1030.8591,710.1104,0.49330425,1029.7275,708.233,0.4359175,533.98816,711.06433,0.8408845,626.6556,702.96747,0.46034274
170,1031.0068,710.1183,0.48880923,1029.7275,708.4374,0.4295283,537.6211,710.12274,0.77760065,600.5264,694.3644,0.27499884
171,1030.8591,710.1204,0.4887434,1029.5829,708.44867,0.4412115,551.01166,710.12274,0.74992955,600.5264,679.5023,0.28933665
172,1030.8591,710.8191,0.4428969,1029.419,708.54205,0.40284303,554.13824,710.12274,0.9976425,600.5264,676.74023,0.5210468
173,1029.9672,711.22565,0.41571894,1027.9464,708.7288,0.38357428,558.989,711.7498,1.0,606.7412,675.60583,0.8336134
174,1029.9672,711.2695,0.40688628,1027.8359,708.7288,0.3746967,566.62683,713.7565,1.0,617.232,675.55994,0.7260175
175,1029.9672,711.2695,0.40675318,1027.738,708.7288,0.37190038,576.4221,713.7565,0.9742109,623.545,675.55994,0.91142
176,1030.539,711.22565,0.41430467,1027.738,708.63513,0.37478715,577.55676,713.7565,1.0,623.8013,675.60583,0.8593043
177,1030.6348,710.8034,0.4258719,1027.8359,708.5243,0.38206163,580.8715,712.8698,1.0,626.80334,675.55994,0.79718137
178,1121.015,698.9024,0.39998305,1028.5743,708.24335,0.35376465,583.8737,710.3428,0.9785962,634.2358,675.55994,0.70568234
179,1121.5096,698.6989,0.43038985,1119.5907,697.38513,0.3712528,589.65216,707.1668,1.0,637.12317,673.9461,0.8509383
180,1121.5729,698.59406,0.4288686,1119.9725,697.19714,0.37250996,592.4701,705.70294,1.0,638.6799,671.85547,0.8291003
181,1121.5729,698.59406,0.4143891,1119.9725,697.19714,0.3579649,595.2654,705.51874,1.0,638.8246,671.85547,0.8461774
182,1121.5729,698.5409,0.4184328,1119.9725,697.16327,0.3572317,595.2654,705.51874,1.0,638.8246,671.6434,0.7691881
183,1119.9832,698.5409,0.35911512,1118.4314,697.16327,0.30772182,595.2654,705.33453,1.0,639.3411,671.6434,0.80563945
184,1119.9832,698.5409,0.3936623,1118.4314,697.5,0.33353812,594.63214,705.29156,1.0,639.3411,671.9174,0.77188855
185,1119.9832,698.9739,0.43911365,1118.4314,698.10034,0.37336445,594.49146,705.33453,1.0,639.7312,672.09094,0.82593304
186,1120.3706,699.24133,0.46844888,1118.702,697.7915,0.4015812,594.4452,705.5979,1.0,639.8053,672.09094,0.81447375
187,1120.3706,699.24133,0.47080284,1118.702,697.7915,0.40345478,594.1938,705.79584,1.0,639.94,672.10614,0.8167347
188,1120.3706,699.24133,0.46236172,1118.702,697.7915,0.3960416,593.99164,705.99835,1.0,639.8053,672.22754,0.83155364
189,1119.7507,699.2107,0.42901048,1118.2559,697.74445,0.36527213,593.7676,706.56934,1.0,639.7312,672.3181,0.81228983
190,1119.6256,699.2107,0.44137707,1118.0707,697.5943,0.3756746,593.94476,706.61084,1.0,639.6529,673.3287,0.804035
191,1117.9432,699.2107,0.4145392,1115.5427,697.5943,0.3580012,593.9434,706.7771,1.0,638.90497,673.8623,0.7525178
192,1117.9183,699.48016,0.41387862,1115.4253,697.5943,0.3531393,593.7676,707.02893,1.0,638.6372,673.9832,0.77858275
193,1117.44,699.48505,0.4230252,1115.3049,697.7968,0.35496297,593.7676,708.3894,1.0,638.35956,673.9832,0.77882004
194,1117.44,699.48645,0.42248264,1115.3049,697.8259,0.3554658,593.39185,708.6555,1.0,638.3068,673.8623,0.7473777
195,1117.2644,699.62146,0.41968232,1114.9049,697.8259,0.3607642,592.8964,709.0164,1.0,638.17,673.9832,0.75581723
196,1117.2644,699.7199,0.42184728,1114.9049,697.85333,0.36333886,592.8964,709.0383,1.0,638.0599,674.0431,0.761607
197,1117.2644,699.7199,0.41629007,1114.9049,697.8726,0.35817072,592.8516,709.1653,1.0,637.9646,674.2479,0.7142778
198,1117.7549,699.66925,0.427077,1115.2565,697.91925,0.36042735,592.4934,709.32666,1.0,637.9472,674.3488,0.7213908
199,1117.765,699.6579,0.42937028,1115.2626,697.91925,0.3589301,592.00745,709.4169,1.0,637.9472,674.3488,0.7067103
200,1117.9111,699.6579,0.4236701,1115.5038,697.91925,0.35791513,592.00867,709.447,1.0,637.9472,674.3871,0.7206784
201,1117.9658,699.40704,0.42163897,1115.6503,697.77527,0.3549465,592.00867,709.5965,1.0,638.0979,674.40955,0.7307347
202,1117.9644,699.2986,0.42419443,1115.541,697.71497,0.35569513,592.0666,709.5965,1.0,638.0979,674.58203,0.7065235
203,1118.0706,699.2658,0.43048143,1115.6503,697.58545,0.36073145,592.00867,709.5965,1.0,638.0979,674.6677,0.7034009
204,1118.1643,699.06915,0.42012432,1115.8098,697.49554,0.35582283,592.00867,709.45715,1.0,637.9212,674.9934,0.6549162
205,1118.1643,698.95264,0.4265976,1115.8098,697.355,0.35694417,591.78503,709.4382,1.0,637.8237,675.01056,0.65975624
206,1118.0867,698.9313,0.4209883,1115.7201,697.31946,0.35212973,591.7504,709.4055,1.0,637.7321,675.0246,0.6564129
207,1118.1643,698.61554,0.41051847,1115.8098,696.92194,0.34719437,591.6286,709.4382,1.0,637.7321,675.1185,0.6677725
208,1118.1733,698.61554,0.409009,1115.8098,696.92194,0.3484124,591.5963,709.4055,1.0,637.7321,675.6973,0.6417214
209,1118.2073,698.61554,0.41365758,1115.8846,696.92194,0.3486216,591.5963,709.40546,1.0,637.7321,675.93634,0.64350456
210,1118.365,698.79816,0.42395258,1116.7822,697.29565,0.3554037,591.5963,709.4055,1.0,637.76587,675.93634,0.65138143
211,1118.4248,698.8299,0.42401138,1116.8389,697.3626,0.3554105,591.87866,709.40546,1.0,637.77466,675.93634,0.65681785
212,1118.5253,698.8299,0.4218392,1116.8864,697.3626,0.3529856,591.9384,709.3952,1.0,637.7823,675.90295,0.6563189
213,1118.7208,698.79816,0.42951846,1117.1145,697.35266,0.36113077,591.9384,709.39404,1.0,637.8259,675.90295,0.64714026
214,1118.7208,698.8741,0.43488887,1117.1145,697.4008,0.3671933,592.05493,709.26,1.0,637.7823,675.90295,0.6518136
215,1118.7208,698.79095,0.40994793,1117.1145,697.35266,0.34726292,592.05493,709.2413,1.0,637.77466,676.2272,0.6520805
216,1115.589,698.52783,0.33684087,1113.6263,697.1572,0.29117426,592.22437,709.2374,1.0,638.03143,676.4831,0.6461076
217,1115.589,697.6691,0.36221114,1113.6263,695.7457,0.30327472,592.22437,709.1536,1.0,638.03143,676.4831,0.6055456
218,1115.589,697.6691,0.36749464,1113.6263,695.7457,0.30510932,592.9292,708.3503,1.0,638.03143,676.4831,0.63983667
219,1117.7384,697.6691,0.3911933,1115.2817,695.7457,0.33496928,593.6429,707.5388,1.0,639.2921,674.9531,0.69711566
220,1119.4966,698.49744,0.41800806,1118.0852,697.15515,0.35521963,594.162,707.1079,1.0,640.8463,674.5283,0.72772145
221,1120.8635,698.49744,0.42601505,1119.5101,697.15515,0.36486068,596.36194,706.99554,1.0,643.21857,672.91724,0.7807673
222,1121.8381,698.60144,0.43759805,1120.2065,697.15515,0.37546128,600.769,706.9221,1.0,645.4845,672.91724,0.77910715
223,1122.8496,698.63385,0.44120562,1120.9004,697.23505,0.37721995,609.3327,706.9221,1.0,654.44086,672.91724,0.7431716
224,1124.7112,698.63385,0.49529973,1122.539,697.23505,0.42901227,617.2684,706.9221,1.0,665.4297,673.48584,0.7895123
225,1125.7542,699.957,0.52519673,1123.5706,698.1182,0.46077454,633.25397,709.15765,1.0,682.03015,677.75305,0.5690899
226,1126.2078,700.17,0.5288019,1123.8832,698.1585,0.46625265,642.509,710.935,1.0,696.04926,680.9801,0.40825632
227,1126.2078,700.2169,0.5254809,1123.8832,698.27734,0.46280387,650.3029,711.88165,1.0,700.7756,680.9801,0.42652857
228,1126.2078,700.26544,0.5317923,1123.8832,698.30865,0.46852207,655.66327,711.99286,0.96288073,706.2618,681.34814,0.48165324
229,1126.0887,700.5006,0.5289355,1123.8832,698.47644,0.4635504,665.303,711.99286,1.0,714.43994,681.34814,0.4249812
230,1126.0887,701.06445,0.50413346,1123.9095,698.99915,0.44330803,665.33374,711.99286,1.0,714.6286,684.00305,0.36902153
231,1126.0887,701.48645,0.5383162,1123.9095,699.57086,0.47729167,666.4188,712.21826,1.0,753.4424,696.80194,0.41675767
232,1126.2645,701.9922,0.55164635,1124.1353,699.9607,0.4897036,669.3838,712.21826,1.0,758.7945,699.8719,0.45563245
233,1126.8378,702.41425,0.5198454,1124.4712,700.30756,0.45172954,676.1025,712.21826,1.0,760.6473,701.65344,0.27957726
234,1127.2825,702.6897,0.52193916,1124.7941,700.4723,0.4648559,688.50635,712.3368,0.99854296,786.3351,701.76965,0.77880824
235,1128.1891,702.82074,0.5034477,1125.0372,700.48816,0.4509966,696.3643,712.38824,1.0,786.3351,702.831,0.66795886
236,1128.1891,702.82074,0.5007246,1125.7356,700.5162,0.45018914,696.41437,712.63696,1.0,789.4778,702.831,0.59247535
237,1240.2406,705.3043,0.5162544,1125.7925,700.6519,0.45491603,702.0103,712.63696,0.975414,789.7855,701.76965,0.41019514
238,1240.2711,706.2805,0.51401734,1238.589,704.5059,0.4146968,706.0187,712.63696,0.98234004,802.97845,700.8145,0.6151598
239,1240.3403,706.92065,0.49874425,1238.6636,705.7555,0.40244728,708.5081,712.0654,0.91586125,804.76276,699.624,0.6020124
240,1240.8556,707.4562,0.49819332,1239.0355,706.19855,0.40535158,731.53766,710.6117,0.95673,818.47455,699.24414,0.63135314
241,1240.9336,707.609,0.5128599,1239.0355,706.19855,0.42198122,743.02637,710.6117,0.9566952,838.80365,699.03577,0.4669942
242,1240.9336,707.6945,0.5238229,1239.0355,706.3429,0.42811614,748.0085,710.6117,1.0,838.80365,696.70184,0.50503784
243,1240.9336,707.6945,0.5504516,1239.1866,706.3429,0.4557158,753.83405,710.6117,0.9548123,838.80365,696.0912,0.4603899
244,1241.371,707.609,0.56144035,1239.3579,706.13806,0.46491167,760.3232,710.6117,1.0,811.95483,678.7997,0.44610474
245,1241.371,707.31976,0.5043479,1239.3579,704.8797,0.43412402,765.7652,707.061,1.0,811.95483,674.71124,0.64722764
246,1242.0698,707.31976,0.41802353,1239.939,704.8797,0.37181455,769.3764,707.061,1.0,811.95483,672.8601,0.59569913
247,1242.4149,707.31976,0.53113675,1240.3522,704.8797,0.45916232,777.132,705.466,1.0,819.6178,668.2299,0.6885881
248,1242.4149,708.5898,0.5583765,1240.3522,706.8308,0.46689537,777.4932,705.01886,1.0,823.14417,667.63605,0.6516523
249,1241.9832,708.8861,0.5533325,1240.2743,707.27057,0.46225855,782.2777,705.466,1.0,825.9297,663.7997,0.5629961
250,1241.9832,709.46814,0.51529956,1240.2743,707.51154,0.4373734,789.77747,707.31274,1.0,834.5417,661.1255,0.80338854
251,1241.9832,709.46814,0.49625796,1240.2743,707.51154,0.4298337,797.5003,707.3638,1.0,846.1502,661.1255,0.8002206
252,1241.9832,709.46814,0.48707858,1240.2743,707.51154,0.41611487,808.153,708.42456,1.0,855.5496,661.1255,0.63957214
253,1243.7404,706.91705,0.5525585,1330.8885,692.5643,0.48824155,816.4661,708.42456,1.0,863.0025,668.7971,0.5156489
254,1243.7404,706.91705,0.5471009,1330.8885,692.5643,0.48406392,824.4489,708.42456,1.0,865.6292,668.81696,0.7686127
255,1332.7761,694.63556,0.5579122,1333.1555,692.3081,0.48168826,827.5644,706.34686,1.0,870.40015,669.42633,0.6225273
256,1335.0062,694.63556,0.59426785,1333.1555,692.3081,0.50277,835.76263,706.01904,0.92383885,880.5007,670.6231,0.5146664
257,1335.0062,698.14355,0.5217674,1334.2855,692.5643,0.45239127,841.4055,706.01904,0.9572864,886.97955,670.7246,0.7076333
258,1336.1423,698.14355,0.55749136,1334.494,696.21515,0.48395967,848.87836,706.34686,1.0,896.5949,674.3461,0.54442734
259,1336.1423,696.73505,0.45010364,1334.494,695.222,0.40811908,853.6694,706.34686,1.0,899.6213,674.3461,0.5342869
260,1373.4896,698.14355,0.4476815,1333.4426,695.222,0.39183643,863.03754,706.01904,1.0,906.91583,674.3461,0.47266704
261,1375.7467,699.4873,0.45460185,1370.9965,696.21515,0.3958417,869.07837,705.0124,0.9979962,916.4655,671.05927,0.518781
262,1377.1626,701.0455,0.4556163,1371.879,697.08154,0.38416308,870.47205,703.89124,0.89156985,916.5088,669.4863,0.65809333
263,1377.7139,701.6505,0.470062,1375.4265,699.5911,0.40119988,880.16003,699.454,0.892851,922.19824,663.55676,0.5361646
264,1377.7139,701.6505,0.48703265,1375.4265,699.5911,0.42537153,889.13214,699.454,1.0,934.0532,656.34406,0.61674726
265,1377.7139,701.6505,0.46836796,1375.4265,699.5911,0.40811855,904.8191,699.454,1.0,946.3467,656.34406,0.7253118
266,1336.3057,697.61346,0.43643668,1333.4093,694.8658,0.40316644,915.36993,700.2509,1.0,960.7562,656.2704,0.7276893
267,1336.1276,697.61346,0.41503352,1333.4093,694.3055,0.38255408,923.0039,701.1828,0.9452042,966.7766,655.8181,0.6409564
268,1335.9935,697.61346,0.3821234,1333.345,694.3055,0.3332892,925.402,701.1828,0.9705656,971.7983,654.8305,0.59576434
269,1244.0947,709.6719,0.403635,1333.1611,694.8658,0.3447613,926.8025,701.1828,0.939729,973.4855,654.1832,0.5658346
270,1244.0947,710.86993,0.3550946,1242.4344,708.8913,0.2948853,929.1365,700.84467,0.96830416,974.9201,651.1167,0.48411188
271,1242.7665,711.07214,0.3893166,1242.1412,709.2106,0.335135,931.4852,699.80426,1.0,975.2617,651.1167,0.456139
272,1244.0947,711.07214,0.35795885,1242.1412,709.2106,0.2965095,932.8724,699.6386,1.0,976.9089,650.4571,0.49911287
273,1244.5128,711.07214,0.37619466,1242.4344,709.2106,0.3267327,936.61993,697.4832,0.9632787,979.583,651.1167,0.56190836
274,1444.6187,701.1422,0.36567125,1443.1139,698.961,0.3184,944.66095,697.4832,1.0,981.36456,652.8293,0.5035863
275,1449.5813,698.88293,0.51941067,1446.183,696.5507,0.4647161,953.42914,697.4832,1.0,992.11786,655.9978,0.8205002
276,1449.5813,698.656,0.46396866,1446.1956,696.0924,0.41941175,964.01556,697.78375,1.0,1007.89484,656.0539,0.7993441
277,1449.684,698.634,0.42818692,1446.5414,696.0924,0.39410383,974.05194,699.61035,1.0,1020.779,656.7787,0.6029851
278,1449.7505,698.656,0.39522046,1446.5414,696.1706,0.35901144,984.56976,702.4681,0.88894683,1026.9642,657.73865,0.7617485
279,1449.7505,698.656,0.38979813,1446.5845,696.1706,0.34084117,991.8871,702.7038,0.99584603,1031.3678,660.26984,0.653785
280,1449.8416,698.634,0.40872344,1448.1239,696.0924,0.36205322,994.60767,702.7038,1.0,1031.8619,669.2165,0.6599068
281,1450.1367,698.20935,0.45242748,1448.6509,695.68774,0.39983493,996.35675,702.8431,0.98664194,1031.8619,669.7349,0.7484889
282,1450.1367,697.9613,0.4354663,1448.8849,695.6609,0.38497418,997.1007,702.8431,0.9959866,1031.3678,669.9827,0.75352746
283,1450.3663,697.9613,0.44296315,1449.4996,695.6609,0.3904019,997.1172,702.80945,1.0,1031.2063,670.13916,0.8311468
284,1450.5852,697.90533,0.45177582,1449.4996,695.6345,0.39804822,997.2737,702.80945,1.0,1030.6074,670.338,0.86735725
285,1450.5852,697.90533,0.45336908,1449.4996,695.6345,0.40016323,997.2737,702.80945,1.0,1030.5374,670.40546,0.7992491
286,1450.5852,697.90533,0.49772865,1449.5216,695.6345,0.4344638,997.2737,702.10583,1.0,1030.5374,670.9428,0.85660005
287,1450.5852,697.9697,0.48405617,1449.2538,695.7105,0.4237854,997.2737,701.79675,1.0,1031.2063,671.0377,0.88007945
288,1450.7014,697.9697,0.42255133,1449.2538,695.7105,0.35936368,996.7301,701.79675,0.9775378,1032.5743,675.6286,0.60932666
289,1455.99,699.8164,0.46947238,1454.0665,697.1474,0.41589028,993.734,701.717,0.97721046,1034.524,679.04456,0.57353264
290,1506.7148,701.40497,0.48585415,1505.6144,699.2932,0.42433786,993.734,701.66925,1.0,1036.1854,679.04456,0.61043644
291,1506.7148,701.40497,0.4580014,1505.6144,699.2932,0.40221447,993.734,701.66925,0.9772357,1036.1854,679.04456,0.6552761
292,1506.7148,701.40497,0.42432594,1505.6144,699.2932,0.37110975,997.36615,701.63324,0.93890435,1036.3999,678.5321,0.59913236
293,1451.0199,700.4572,0.49125904,1448.8402,697.9506,0.43133846,1000.79474,701.63324,0.9372654,1043.8735,678.1985,0.69792354
294,1449.1139,700.4572,0.45106634,1445.7599,697.9506,0.4145271,1001.5889,701.63324,0.93024725,1044.5243,678.1985,0.65752417
295,1448.4481,700.4572,0.4627259,1445.6044,697.9506,0.40933758,1001.7245,701.63324,0.8616556,1044.9696,675.85834,0.6664019
296,1449.1139,702.01575,0.43792152,1445.6044,699.8005,0.37220007,1002.93555,701.63324,0.8701269,1051.6105,678.1985,0.43956077
297,1451.0199,702.01575,0.42969042,1448.8402,699.8005,0.36540008,1007.139,701.0378,0.8682078,1057.1013,679.6719,0.60145116
298,1569.7986,702.4167,0.42257416,1568.0197,700.4325,0.3632824,1031.273,699.4898,0.8915202,1057.1013,695.905,0.4130749
299,1571.8431,702.38525,0.5000864,1570.1991,700.3502,0.4427344,1044.5958,698.83685,0.8070371,1057.1013,697.1029,0.5051913
300,1572.6696,702.38525,0.486792,1570.7594,700.3502,0.42874807,1045.841,698.0904,0.82159376,1094.9897,697.1029,0.36274302
301,1572.6696,702.4167,0.47870016,1570.7594,700.4325,0.42509478,1048.2555,696.8518,0.8628631,1061.4009,695.905,0.27528113
302,1571.8431,702.854,0.47949475,1570.5436,700.9227,0.42907515,1052.8126,695.34357,0.8676643,1061.4009,689.28143,0.42423463
303,1570.9952,704.27924,0.43137056,1570.9805,702.3587,0.38181213,1059.1903,695.34357,0.85426366,1074.8055,688.9988,0.40627518
304,1570.768,704.56537,0.43733793,1570.9697,702.5036,0.38477954,1071.4874,695.34357,0.7372713,1094.9897,688.9988,0.35063505
305,1570.6245,705.1466,0.440929,1570.5436,702.5036,0.3757928,1089.4998,700.72705,0.8750718,1130.6252,689.28143,0.58303154
306,1570.4862,705.1634,0.44269738,1570.5436,702.5036,0.3810268,1098.5316,701.63324,0.8356103,1180.858,697.9117,0.6453225
307,1570.1825,705.16644,0.44252694,1461.9791,702.31824,0.37873253,1098.5935,701.64716,0.8495435,1181.436,698.21014,0.64329743
308,1570.1552,705.44904,0.44147676,1461.9791,702.31824,0.38521668,1098.9049,701.74963,0.7821551,1182.2751,698.35266,0.77919817
309,1569.8214,705.4528,0.4450355,1461.9791,702.31824,0.3810313,1098.9049,701.8767,0.78710777,1182.2751,698.21014,0.7031145
310,1569.546,705.47925,0.4514012,1461.9791,703.0117,0.3867607,1098.9905,701.9923,0.7940795,1182.2751,697.9117,0.5453754
311,1569.4752,705.9752,0.4331539,1461.9791,703.70593,0.35827875,1098.9905,701.8767,0.9027201,1138.8438,678.42236,0.7238884
312,1567.9166,705.9752,0.35054818,1243.9469,703.70593,0.30018467,1098.993,701.74963,0.9208046,1138.8438,677.546,0.76734406
313,1567.9166,706.37006,0.36688787,1243.9469,703.98425,0.31254762,1102.7855,701.0411,0.9281083,1138.8438,674.4813,0.80778736
314,1567.9166,706.37006,0.29627728,1243.9469,703.98425,0.24576803,1109.162,700.8604,1.0,1141.4579,673.5781,0.8409449
315,1660.5471,705.7989,0.3092797,1657.2621,703.4297,0.26788536,1114.3317,700.5556,1.0,1145.7911,670.3843,0.7443615
316,1660.5471,705.5271,0.45937428,1657.2621,703.2001,0.38833895,1119.5876,700.5556,1.0,1155.6414,667.58234,0.73696345
317,1661.4084,700.57104,0.4799081,1661.4591,698.2554,0.4089378,1130.0162,700.8604,1.0,1169.4948,667.1134,0.76741886
318,1661.4084,700.48083,0.44780815,1661.4591,698.2554,0.38024828,1141.3767,701.11615,1.0,1179.8745,667.1134,0.69878876
319,1661.4084,700.41925,0.43002582,1661.4591,698.18164,0.36548805,1146.1914,703.3871,0.9870711,1185.8726,667.1134,0.6453575
320,1663.4287,699.8227,0.44579574,1663.1237,697.8641,0.38423416,1158.7676,704.5823,1.0,1192.257,667.48895,0.599543
321,1663.7054,699.8227,0.46285194,1663.1237,698.2554,0.4003917,1169.067,704.8768,1.0,1204.1422,669.50964,0.71336424
322,1663.7054,699.26166,0.46205932,1663.1788,697.80914,0.39951792,1172.7263,705.0392,1.0,1209.6996,669.5901,0.7011129
323,1663.9764,699.26166,0.45937666,1663.3115,697.80914,0.41146404,1176.366,704.8768,0.96880704,1210.7196,669.50964,0.7262139
324,1663.9841,699.26166,0.44277635,1664.1772,699.5877,0.38100788,1176.419,704.62897,0.97834146,1212.1045,669.50964,0.63076836
325,1686.7529,707.5128,0.45058328,1684.5311,705.6956,0.37208375,1177.4468,704.77985,1.0,1219.3264,668.9153,0.72072
326,1686.7529,707.5128,0.41962945,1684.5311,705.6956,0.3599818,1182.2323,704.77985,0.9615576,1222.9227,665.2295,0.5673516
327,1686.7529,707.5128,0.4514246,1684.5311,705.6956,0.3901081,1188.9077,704.77985,0.96835303,1238.1696,665.2295,0.55764395
328,1668.0023,704.0195,0.54709953,1664.9294,701.8318,0.4810881,1208.338,704.77985,1.0,1249.7009,665.2295,0.6982356
329,1666.442,704.0195,0.58331275,1664.909,701.8318,0.51547307,1208.9039,704.77985,1.0,1251.742,668.7968,0.75874513
330,1666.3739,704.0195,0.5762961,1664.5784,701.8318,0.5063386,1213.0238,702.8937,1.0,1258.6698,671.46533,0.6717072
331,1666.3739,704.2763,0.559787,1664.4408,702.1184,0.49250868,1223.0167,699.97015,0.96853983,1262.0631,671.46533,0.74389744
332,1666.3739,704.4592,0.51096636,1664.4408,702.6253,0.42874795,1224.0833,699.7136,1.0,1265.8102,671.46533,0.77632964
333,1667.0037,705.1432,0.5055644,1664.5784,702.78186,0.41871983,1234.3601,698.9132,1.0,1275.3634,667.4306,0.5617569
334,1668.2677,705.98175,0.5154238,1666.7684,703.56757,0.43513575,1243.8329,698.9132,1.0,1282.2963,667.4306,0.6621707
335,1669.3187,706.5737,0.4702668,1667.6068,703.8419,0.40174502,1244.564,698.9132,1.0,1284.3539,667.4306,0.7220463
336,1669.3766,706.7273,0.45907483,1667.8043,704.02167,0.39089555,1249.4246,699.18365,0.9970714,1289.0085,667.9422,0.66882086
337,1669.9572,706.7512,0.47715577,1668.4369,704.0741,0.40800625,1252.4463,701.70795,0.9167818,1290.3545,669.62756,0.74096346
338,1669.9572,706.7273,0.37713948,1668.4369,704.0644,0.32929844,1257.5709,703.8385,0.8949565,1296.7483,670.37006,0.7866929
339,1670.3455,707.012,0.42044646,1668.7416,704.3011,0.36492142,1259.6255,704.07434,0.8671176,1296.8013,670.3773,0.8050057
340,1670.7607,707.65137,0.49894896,1670.163,705.457,0.42466584,1259.6255,704.5099,0.8802659,1296.8013,670.4143,0.8064532
341,1670.7607,707.65137,0.46164018,1670.163,705.457,0.39657044,1259.6255,704.5099,0.9200528,1296.7483,670.3971,0.7962716
342,1670.7607,707.65137,0.42705584,1670.163,705.4898,0.3673711,1259.3538,704.6205,0.870107,1295.4113,670.79333,0.80080706
343,1671.1353,708.11255,0.3754605,1670.163,705.4898,0.32496393,1259.1593,705.1602,0.8771925,1295.4113,671.008,0.78211886
344,1671.1353,708.11255,0.38523075,1670.163,705.4898,0.33328766,1259.0884,705.5894,0.91981834,1295.4113,671.008,0.8086165
345,1671.1353,708.11255,0.40074882,1669.0251,705.2173,0.3449483,1258.5496,706.36273,0.9437348,1295.6671,671.2291,0.81438565
346,1669.7169,707.25946,0.48187009,1667.8175,704.73553,0.40825263,1258.3998,706.48413,0.902029,1295.7451,671.4503,0.81209946
347,1669.6672,707.0689,0.46672434,1667.7799,704.5566,0.39570567,1258.2512,706.601,0.89400953,1295.7451,671.4503,0.80036217
348,1669.6672,707.0689,0.47695437,1667.7799,704.5566,0.40881076,1258.1567,706.7217,0.915218,1295.7451,671.4503,0.80367225
349,1669.7169,707.23596,0.4878006,1667.8175,704.6886,0.41727027,1258.1567,706.9043,0.9132961,1294.952,671.4503,0.7698756
350,1669.7828,707.25946,0.46104264,1667.894,704.6906,0.3937656,1257.9891,706.95087,0.89149415,1291.1696,671.33026,0.72173476
351,1669.7828,707.23596,0.45125172,1667.894,704.6906,0.38423613,1257.2236,706.97534,0.88943124,1291.1696,671.1466,0.70190024
352,1669.7828,707.23596,0.44677684,1667.894,704.82526,0.38271105,1257.0966,707.7564,0.88995826,1291.1696,671.0276,0.72634405
353,1669.4159,707.2064,0.4773785,1667.5804,704.8567,0.40653396,1256.3369,707.9439,0.89961696,1293.7489,671.0393,0.67678547
354,1669.2717,707.2064,0.47283876,1667.4067,704.8662,0.4012874,1256.8457,708.13525,0.91577053,1294.0322,671.0393,0.68050766
355,1669.2717,707.2064,0.46626854,1667.4067,704.9166,0.3978496,1256.9183,708.172,0.89488727,1294.0322,671.0393,0.6829967
356,1669.2885,707.2763,0.46990898,1667.4445,705.043,0.400726,1256.9183,708.3817,0.90832776,1294.0322,671.16705,0.71213216
357,1669.2885,707.2763,0.47012284,1667.4445,705.043,0.40431997,1256.9183,708.4283,0.90799886,1293.7737,671.275,0.68636894
358,1669.2717,707.2763,0.47083813,1667.4067,705.043,0.40208906,1257.3279,709.0099,0.9193151,1293.241,671.5911,0.6981956
359,1668.7715,706.9731,0.4749139,1666.8369,704.98126,0.40092406,1257.3279,709.11926,0.91465753,1293.241,671.5911,0.70658463
360,1668.7715,706.9603,0.4943742,1666.8369,704.9319,0.41530862,1257.3279,709.52075,0.9207259,1293.2825,671.5911,0.6885798
361,1668.7715,706.9603,0.49878305,1666.8369,704.9319,0.42205662,1257.1201,709.5384,0.91695404,1293.4015,671.5456,0.69903153
362,1668.7715,706.95374,0.5003864,1666.8369,704.9031,0.42348617,1257.0286,709.61365,0.9209783,1293.4015,671.5911,0.69694513
363,1668.7715,706.95374,0.49022698,1666.8369,704.9031,0.41697478,1257.0286,709.61365,0.94521713,1293.403,671.59534,0.69594765
364,1668.6802,706.9449,0.5095176,1666.7124,704.8853,0.43282723,1257.1201,709.61365,0.94072247,1293.655,671.7681,0.7231396
365,1667.8353,706.4068,0.52934897,1665.9895,704.64954,0.4442529,1258.4956,709.1473,0.94482136,1293.655,676.3197,0.7263771
366,1667.5701,706.2975,0.5170946,1665.7983,704.6274,0.43371463,1258.7654,709.12616,0.9485349,1293.6615,676.71594,0.73015964
367,1666.772,706.1874,0.51528865,1665.0946,704.583,0.42828304,1260.0057,708.9582,0.96417326,1294.0869,679.3701,0.6297252
368,1666.772,705.96936,0.52475876,1665.0946,704.39276,0.43284613,1260.1436,708.9582,0.9819296,1294.3252,679.3701,0.68087435
369,1666.6882,705.9299,0.5187167,1665.063,704.39276,0.42896813,1260.1436,708.9084,0.9937324,1294.0869,679.58795,0.6917439
370,1666.6171,705.9299,0.5341835,1665.0167,704.39276,0.44421414,1260.0057,708.8602,0.9954562,1294.0869,679.6623,0.71415913
371,1666.6882,705.96936,0.5406628,1665.063,704.4283,0.4486675,1260.1943,708.89746,0.9448746,1293.4706,679.6623,0.6358408
372,1666.9271,705.9868,0.5335043,1665.324,704.4283,0.44222137,1259.7101,708.7264,0.9295725,1293.4324,679.34717,0.64163643
373,1666.8569,705.9868,0.53420794,1665.1997,704.4283,0.44494584,1257.1373,708.7251,0.9366712,1293.3167,679.3905,0.6659534
374,1666.8844,706.0083,0.545108,1665.3414,704.4804,0.45496535,1257.1373,708.7264,0.91205794,1293.1786,679.3905,0.664466
375,1666.8844,706.0083,0.5324808,1665.3414,704.4354,0.44284895,1257.9729,708.89746,0.91489136,1292.911,679.3905,0.64660424
376,1666.8569,705.8809,0.5448696,1665.1997,704.4354,0.45323688,1257.9729,708.79126,0.95080584,1291.4703,682.73083,0.6301645
377,1666.5405,705.8809,0.54427314,1664.9777,704.5266,0.4512309,1257.9729,708.92065,0.9565877,1291.4236,683.09076,0.66302836
378,1666.0186,705.8827,0.5357715,1664.5685,704.5513,0.44153678,1257.9729,708.92065,0.93323874,1291.4236,683.2275,0.68981075
379,1665.8451,705.8827,0.5396976,1664.506,704.672,0.44736323,1258.2012,708.8467,0.938109,1291.4501,683.2275,0.67678386
380,1665.7311,705.8827,0.5373912,1664.3479,704.672,0.44391164,1257.8118,708.79126,0.93874496,1291.4703,683.2925,0.68002754
381,1665.5029,705.8827,0.52927494,1664.1046,704.672,0.43811467,1257.8118,708.8467,0.9294534,1291.8253,683.3784,0.6821071
382,1665.4634,705.8827,0.5252835,1664.0908,704.672,0.4343256,1257.6333,708.764,0.93336195,1292.1577,683.4407,0.68670857
383,1664.7599,705.8783,0.49571812,1663.4261,704.6683,0.40614644,1257.2224,708.7078,0.9378253,1292.4248,683.4407,0.6991719
384,1664.678,705.75977,0.5043692,1663.4261,704.5672,0.41605964,1257.1782,708.6631,0.90677565,1292.4248,683.4407,0.6975687
385,1664.644,705.7007,0.5078354,1663.4261,704.4535,0.4164885,1257.054,708.6631,0.9164584,1292.4248,683.5068,0.7203057
386,1664.644,705.3815,0.50876147,1663.4261,704.22424,0.41485447,1257.054,708.6377,0.91791767,1292.0302,683.5068,0.6932657
387,1664.644,705.3815,0.5066824,1663.443,704.22424,0.41182086,1257.054,708.58887,0.9075113,1292.0302,689.3889,0.51824564
388,1664.678,705.3815,0.49905667,1663.5533,704.22424,0.40546983,1257.8599,708.4368,0.91553336,1291.7628,689.3889,0.5747016
389,1665.3851,705.7512,0.5243089,1664.0248,704.5356,0.43244314,1258.4111,708.4368,0.8981602,1290.8586,689.3889,0.59039795
390,1665.3851,705.7512,0.5188486,1664.0375,704.5356,0.42614254,1258.5776,708.4368,0.9294048,1290.8586,687.8655,0.5883094
391,1665.4551,705.7512,0.52455556,1664.0762,704.5356,0.43190673,1258.5776,708.5181,0.9373702,1290.8586,687.4736,0.60748744
392,1665.4551,705.7204,0.51934505,1664.0762,704.52856,0.4253558,1258.7888,708.5181,0.94976133,1290.8586,687.4736,0.6303491
393,1665.5516,705.7204,0.52168703,1664.2295,704.52856,0.4283303,1258.948,708.5272,0.92980677,1291.8892,687.4736,0.6135867
394,1665.6606,705.7204,0.52335894,1664.3352,704.52856,0.4304797,1259.0271,708.59406,0.9104447,1291.8892,687.86945,0.61402494
395,1665.6606,705.6794,0.5239514,1664.3352,704.46344,0.4325355,1259.0271,708.59406,0.94834465,1291.8892,688.71454,0.61100596
396,1665.6606,705.77124,0.5226997,1664.3352,704.53986,0.43113792,1259.0271,708.7017,0.94960195,1292.0819,688.8923,0.60150814
397,1665.6116,705.77124,0.5218991,1664.2151,704.53986,0.42885077,1258.7823,708.7017,0.95737255,1292.0819,689.06506,0.60575014
398,1665.6116,705.6551,0.5237717,1664.2151,704.4953,0.43072674,1258.5673,708.78577,0.9227047,1293.6244,690.55176,0.55753523
399,1665.486,705.6551,0.5100733,1664.2151,704.4953,0.41778898,1258.5199,708.78577,0.8688696,1300.3163,691.6404,0.4031898
400,1665.486,705.77124,0.5363774,1664.2346,704.53986,0.4399819,1258.4337,708.63544,0.8842481,1300.9532,692.1469,0.33117774
401,1665.5292,705.881,0.5097343,1664.3268,704.6953,0.41900125,1258.0635,708.559,0.85914534,1300.9532,692.33514,0.33592552
402,1665.6644,705.9281,0.5191218,1664.3762,704.78864,0.42806846,1257.9739,707.6993,0.81568915,1301.3861,692.4039,0.3130631
403,1665.8445,705.9335,0.52970105,1664.552,704.7976,0.43767607,1257.9739,707.6005,0.84612226,1300.9532,692.33514,0.36356845
404,1667.0012,706.2018,0.53196716,1665.4036,704.78864,0.44285747,1257.9739,707.50165,0.8163992,1300.2438,692.33514,0.2746509
405,1667.4359,706.4298,0.5273744,1665.753,704.76495,0.44302294,1257.9446,707.24506,0.83267033,1300.0685,690.78546,0.38049036
406,1667.7637,706.4298,0.53866,1666.0934,704.76495,0.45125487,1257.1326,707.10394,0.8467316,1300.2438,689.3125,0.39952403
407,1668.2977,706.46027,0.53902775,1666.4559,704.6343,0.45078683,1257.1326,706.8935,0.8453076,1300.2438,689.14417,0.40788382
408,1668.4087,706.50446,0.5475506,1666.4559,704.60925,0.45980716,1256.7762,706.8935,0.8611716,1300.8395,689.14417,0.4014473
409,1668.2977,706.5311,0.53278863,1666.4504,704.54834,0.447751,1256.776,706.76166,0.8713869,1300.8395,689.14417,0.38269803
410,1668.445,706.5578,0.52709246,1666.4559,704.54834,0.4432374,1256.776,706.53845,0.8836086,1300.8645,689.14417,0.35377887
411,1668.445,706.6228,0.52794015,1666.4559,704.60925,0.4432499,1256.776,706.53845,0.893582,1301.1633,689.14417,0.38010728
412,1669.9476,707.92676,0.4849043,1667.2573,705.21216,0.41767317,1256.9813,706.4849,0.8992503,1300.8645,687.3904,0.434655
413,1671.1233,707.92676,0.4914221,1668.7502,705.21216,0.41837665,1257.5969,706.4642,0.91743284,1300.3904,687.0051,0.4141323
414,1741.6771,707.92676,0.38490415,1740.0022,705.21216,0.32902235,1258.4799,705.2544,0.87949896,1300.83,678.8128,0.54861367
415,1759.0859,704.3827,0.41847086,1759.497,702.31177,0.37463608,1265.9781,704.0268,0.8639907,1300.83,671.5766,0.6929907
416,1759.0859,704.3148,0.37571228,1759.497,702.2816,0.33188015,1271.1091,703.39105,0.89966446,1300.83,667.6749,0.6325467
417,1759.3779,704.0601,0.3764253,1759.9523,701.7469,0.33053488,1278.297,702.0893,0.9504049,1309.8163,667.6749,0.7106335
418,1759.3779,704.19025,0.35061553,1759.9523,701.85266,0.3099114,1286.5773,702.113,1.0,1319.5299,668.7146,0.69870913
419,1759.0859,704.19025,0.33399552,1759.8674,701.85266,0.2944397,1296.4608,702.113,0.9857734,1330.8907,668.7146,0.6597987
420,1759.3779,704.0601,0.3516132,1759.9523,701.7469,0.3176119,1302.3904,702.113,1.0,1336.723,668.7146,0.69683516
421,1759.6829,704.0601,0.2420178,1760.6527,701.7469,0.22011723,1306.7773,702.113,0.91067106,1346.4724,669.0926,0.68430364
422,1759.6829,704.01575,0.32579774,1760.6527,701.85266,0.27842718,1314.3403,702.113,0.9837804,1352.3289,669.133,0.70526
423,1758.8285,704.01575,0.3634298,1759.8674,703.1396,0.3262709,1315.5142,702.39435,1.0,1354.8838,670.47504,0.65000224
424,1752.978,704.01575,0.396622,1751.656,703.1396,0.35903466,1316.5638,701.9688,0.95294243,1361.2482,675.4551,0.61731744
425,1752.978,704.01575,0.4361311,1751.656,703.1396,0.371571,1319.3345,701.9688,0.9207093,1361.2482,676.94653,0.57111025
426,1752.978,706.0763,0.4132618,1751.656,703.7928,0.35133007,1333.6589,702.9392,1.0,1361.2482,677.2136,0.554038
427,1753.3969,706.0763,0.41214618,1751.656,703.7928,0.35873502,1339.2876,703.5136,1.0,1346.3228,703.657,0.32376468
428,1753.3969,705.00055,0.39648333,1753.7952,702.9843,0.32399166,1339.3679,703.9232,0.9876857,1346.0732,703.8229,0.29101434
429,1753.3969,705.00055,0.36567137,1753.7952,702.3113,0.3178008,1339.6212,704.1351,0.9494659,1346.0732,703.8229,0.2990611
430,1752.8104,705.14325,0.40321854,1753.7952,702.3113,0.34510145,1339.4918,704.1787,0.97880554,1346.3228,703.8229,0.299585
431,1752.8104,705.14325,0.3952622,1753.7952,702.041,0.33453852,1339.4918,704.4489,1.0,1346.3228,704.00006,0.3989425
432,1752.8104,705.1606,0.40095595,1753.9366,702.041,0.34300646,1339.4918,704.6323,0.9427891,1346.338,704.00006,0.3099349
433,1752.9615,705.19305,0.40168744,1753.9366,702.187,0.34467092,1339.4194,704.6323,0.9402815,1380.9716,680.60645,0.30230862
434,1752.9615,705.19305,0.37888303,1753.9366,702.187,0.32605958,1339.1522,704.6323,0.9481811,1376.8124,680.60645,0.33391502
435,1752.9615,705.74866,0.3816276,1752.6389,703.3191,0.32074413,1339.1522,704.6323,0.93623626,1379.8809,680.3254,0.31695697
436,1750.2975,706.3628,0.25536907,1750.9131,703.327,0.21583714,1339.4194,704.7847,0.9950315,1380.2262,677.21857,0.67170155
437,1749.5978,706.3958,0.28621554,1749.6863,704.1741,0.24241032,1339.4951,704.6511,0.97915155,1379.8809,675.6452,0.52512985
438,1749.5978,706.533,0.2712546,1749.4855,704.1741,0.22841913,1339.8223,704.6511,1.0,1379.8809,675.6452,0.5663617
439,1749.9061,706.72876,0.25841334,1749.6863,704.1741,0.21409689,1340.1852,704.6511,1.0,1380.2262,675.0811,0.6096868
440,1749.5978,706.776,0.29541475,1748.8748,704.27325,0.24929896,1340.1852,704.92456,1.0,1380.2262,674.4485,0.48269573
441,1748.6057,707.0198,0.25766417,1746.7891,704.69495,0.21875763,1340.1873,704.92456,1.0,1379.4573,674.3353,0.5444105
442,1686.3588,709.8637,0.20571783,1685.3705,707.4029,0.17289217,1340.1873,705.2987,1.0,1379.4573,674.3353,0.63764644
443,1686.3588,709.8637,0.17295322,1685.3705,707.4029,0.14346564,1340.1272,705.2987,0.9916242,1378.8882,673.2761,0.6013318
444,1686.3588,709.8637,0.17624158,1685.3705,707.4029,0.1382375,1340.1272,705.2987,1.0,1378.8882,672.2904,0.7545827
445,1855.4689,708.7556,0.20561206,1854.7953,707.1875,0.17980115,1340.1272,705.2526,1.0,1379.4573,671.39795,0.7486916
446,1856.365,708.27747,0.4223221,1855.2699,707.09,0.34372014,1340.1272,704.7849,1.0,1378.8882,668.9576,0.68207
447,1857.346,707.9734,0.368167,1855.7433,706.4008,0.3050869,1340.7405,704.1246,0.99800754,1379.7726,668.5223,0.65400916
448,1857.9355,707.9734,0.4189887,1857.0719,706.50446,0.34934622,1342.1749,703.83746,0.9948728,1380.5399,664.65936,0.5382839
449,1859.0753,708.27747,0.41661885,1857.7433,706.5291,0.3561015,1345.5985,702.8573,0.98997724,1381.1254,660.01245,0.42490482
450,1859.2556,708.27747,0.41844764,1858.3342,706.5291,0.35005325,1345.8834,701.6426,0.98779184,1382.4884,659.1763,0.46501312
451,1860.47,708.4826,0.40633196,1859.0358,706.5291,0.34795466,1350.5707,701.2454,0.9388733,1391.1387,659.1763,0.60983264
452,1860.47,708.4826,0.39994243,1859.0358,706.5291,0.34571156,1360.1692,700.71533,0.9435111,1402.7036,659.1763,0.56365585
453,1860.47,708.56885,0.39724538,1859.1266,706.5678,0.34114635,1363.0413,700.619,0.96877736,1405.0055,662.8018,0.6361205
454,1860.47,708.682,0.38131368,1859.1266,706.62213,0.32248306,1373.16,700.46985,0.8744301,1407.3177,664.91956,0.65958655
455,1860.47,708.682,0.38554445,1859.1266,706.5678,0.3246748,1388.7039,700.46985,1.0,1414.2244,666.6317,0.8608483
456,1860.7838,708.56885,0.34220433,1859.5128,706.45087,0.28846753,1393.5503,700.619,0.9464383,1417.7058,667.857,0.7288096
457,1860.7838,708.66547,0.34815624,1859.5128,706.45,0.29328844,1396.1746,701.4387,1.0,1424.3805,669.69507,0.842491
458,1860.7838,708.66547,0.37551984,1859.5128,706.44965,0.31544656,1396.8016,701.4387,1.0,1424.9025,669.7171,0.84353024
459,1860.5586,708.66547,0.3508692,1859.4617,706.44965,0.29368013,1396.9916,701.4387,1.0,1425.5336,669.7379,0.8651982
460,1859.9485,708.66547,0.34514657,1858.9728,706.44965,0.2880363,1397.1074,700.84717,1.0,1425.5336,669.7379,0.8583048
461,1859.4805,708.73883,0.32435244,1858.4313,706.59894,0.26961747,1397.1074,700.84717,1.0,1425.5336,669.7171,0.9156126
462,1859.4117,708.82623,0.34364346,1858.2533,706.8985,0.28829947,1397.4348,700.84717,1.0,1425.446,669.5745,0.8681542
463,1859.3475,708.8953,0.3384287,1858.2158,706.9707,0.28321925,1397.4348,701.06287,1.0,1425.446,669.561,0.86650634
464,1859.3475,708.9587,0.33196008,1858.2158,707.01874,0.27918607,1397.5256,701.10754,1.0,1425.446,669.561,0.84287286
465,1859.3475,708.9587,0.33532095,1858.1938,707.01874,0.28248936,1397.5256,701.10754,1.0,1426.261,669.561,0.8565005
466,1859.3475,708.96454,0.34027013,1858.1938,707.02655,0.28663406,1397.6339,701.10754,0.99870515,1426.2825,669.5502,0.8439849
467,1859.3475,708.9587,0.34211257,1858.1938,707.01874,0.28822657,1397.6754,701.06287,0.9734761,1426.2825,669.51874,0.8044822
468,1859.2817,708.886,0.34011766,1858.1897,706.93744,0.28565642,1397.6754,701.04803,1.0,1426.261,669.0031,0.83702743
469,1859.2817,708.6289,0.34874436,1858.1897,706.73175,0.29286295,1397.6577,701.04803,0.9742972,1426.261,669.0031,0.82113117
470,1859.2588,708.6289,0.3575547,1858.1897,706.73175,0.300004,1397.6577,700.75415,0.98801434,1426.3335,668.9683,0.7854175
471,1859.2817,708.6289,0.34396166,1858.1915,706.7228,0.28771693,1397.6577,700.75415,0.99377733,1426.2084,669.1267,0.7841299
472,1859.3033,708.6737,0.3389724,1858.2463,706.73175,0.28355053,1397.5596,701.1692,0.98686516,1426.2084,669.1267,0.8049697
473,1859.5278,708.7024,0.34673133,1858.408,706.73816,0.29125887,1397.1954,701.22046,1.0,1426.2084,669.219,0.7945833
474,1859.6356,708.81396,0.3491272,1858.5391,706.8351,0.29513672,1397.1765,701.2219,0.9876095,1426.2084,669.219,0.7935868
475,1859.6492,708.86584,0.346383,1858.5419,706.8691,0.29088172,1397.1765,701.2219,0.9795525,1426.2014,669.2393,0.8041389
476,1859.6492,708.86584,0.35355935,1858.5391,706.8955,0.29837984,1397.1954,701.2703,0.96609753,1426.1985,669.28516,0.78435004
477,1859.5607,708.8467,0.34669486,1858.4667,706.8691,0.29134768,1397.2073,701.2703,0.97742575,1426.1985,669.41724,0.8234884
478,1859.5607,708.8467,0.3354491,1858.4667,706.8691,0.28093714,1397.3263,701.2935,0.9963264,1426.3344,669.28516,0.80935633
479,1859.5098,708.76776,0.35602912,1858.444,706.8138,0.2991173,1397.3427,701.2935,1.0,1426.1985,669.42523,0.80792844
480,1859.5098,708.6765,0.3498967,1858.444,706.72797,0.29254007,1397.3263,701.8585,1.0,1426.3344,669.42523,0.8132945
481,1859.5607,708.6305,0.3555568,1858.4667,706.6575,0.29570132,1397.2073,702.02936,1.0,1426.3538,669.5036,0.8159623
482,1859.685,708.57404,0.3711569,1858.682,706.63855,0.31196535,1397.0828,702.1321,1.0,1426.916,669.5036,0.8292841
483,1859.685,708.541,0.36956808,1858.8096,706.634,0.3101418,1397.0828,702.1321,1.0,1426.9666,669.68567,0.82581913
484,1859.685,708.541,0.3828031,1858.8096,706.5446,0.32188973,1397.0828,702.1321,1.0,1426.9666,669.9848,0.8315333
485,1859.6573,708.541,0.36982885,1858.682,706.54,0.30876955,1397.0828,702.2084,1.0,1426.9666,670.1918,0.8179496
486,1859.6573,708.5504,0.35359618,1858.8096,706.49426,0.29480657,1397.203,702.26135,1.0,1427.0748,670.28015,0.8522509
487,1859.6573,708.5657,0.33543244,1858.8096,706.39124,0.2784537,1397.322,702.0774,1.0,1426.8765,670.49786,0.864077
488,1859.7456,708.5657,0.35343468,1858.8291,706.39124,0.29687464,1397.356,702.4186,1.0,1426.7646,670.6535,0.83708584
489,1859.7659,708.5657,0.33752835,1858.8794,706.39124,0.28001076,1397.356,702.46484,1.0,1426.7646,670.7364,0.8799914
490,1859.936,708.5657,0.3545187,1859.0967,706.39124,0.2952268,1397.356,702.46484,0.99784124,1426.2249,671.68243,0.90153646
491,1860.0568,708.5657,0.3683137,1859.0967,706.39124,0.30912623,1397.356,702.55884,1.0,1426.2075,671.68243,0.90695673
492,1860.0568,708.66724,0.36268482,1859.0967,706.5318,0.30529508,1397.356,702.55884,1.0,1426.1261,671.7607,0.93263304
493,1860.0568,708.80383,0.3618886,1859.0967,706.63574,0.30413496,1397.368,702.5225,1.0,1425.6794,671.7607,0.9055885
494,1860.1404,708.80383,0.33714432,1859.1108,706.63574,0.280119,1397.1244,702.55884,1.0,1425.413,671.7607,0.94813806
495,1859.7833,708.7623,0.32357383,1858.7999,706.452,0.26711074,1397.1244,702.55884,1.0,1425.2109,672.01624,0.95735186
496,1859.7372,708.7623,0.33630204,1858.7576,706.452,0.27904272,1397.3688,702.83435,1.0,1425.0565,672.05414,0.9391072
497,1859.7372,708.7623,0.317936,1858.7576,706.452,0.2616857,1397.1244,702.83435,1.0,1424.9474,673.09125,0.9436099
498,1859.8563,708.75433,0.31339276,1858.8188,706.452,0.25737652,1397.1244,702.89557,1.0,1424.8949,673.2054,0.93836796
499,1859.8563,708.7534,0.3520163,1858.8188,706.63715,0.29459313,1397.0791,702.89557,1.0,1424.8391,673.2054,0.96416986
500,1859.8563,708.75433,0.3477336,1858.8188,706.638,0.28870136,1397.2361,702.88617,1.0,1424.7495,673.24994,0.9699477
501,1859.9575,708.82544,0.345829,1858.9594,706.65234,0.28768668,1397.2361,702.8055,1.0,1424.7482,673.2186,0.96422493
502,1859.9202,708.86346,0.3369017,1858.8942,706.72906,0.2797641,1397.2495,702.88617,1.0,1424.7495,673.2186,0.98311013
503,1859.9575,708.86346,0.33923036,1858.9594,706.72906,0.28326514,1397.2361,702.88617,1.0,1424.7495,673.2416,0.98641336
504,1860.0104,708.86346,0.3480061,1858.9594,706.72906,0.29043254,1397.2361,702.90875,1.0,1425.5017,673.2416,0.956346
505,1860.0104,708.84125,0.3565412,1859.2397,706.6985,0.29939315,1397.0651,702.92303,1.0,1425.713,673.2416,0.95296437
506,1860.1936,708.71265,0.36966884,1859.244,706.52765,0.3116177,1397.0651,702.92303,1.0,1426.5535,673.5298,0.9072714
507,1860.2391,708.5164,0.39795482,1859.5465,706.5146,0.3340356,1397.0651,702.92303,1.0,1426.5535,675.7249,0.8221167
508,1860.6941,708.3565,0.44315702,1859.7744,706.48035,0.3763825,1397.2115,703.04706,1.0,1426.6537,677.257,0.7963931
509,1860.2537,708.0723,0.3961712,1859.5465,706.12805,0.33616552,1397.2115,703.0984,1.0,1427.0535,679.46533,0.73673046
510,1860.2998,708.024,0.41632932,1859.5465,705.99744,0.3534092,1397.2123,703.157,0.97718924,1427.0668,679.94775,0.6127382
511,1860.2998,707.96826,0.40504867,1859.3099,705.8986,0.34216967,1397.433,703.4078,1.0,1427.445,679.94775,0.59856373
512,1860.2537,708.024,0.39905483,1859.269,705.99744,0.33786792,1397.433,703.53033,1.0,1427.6477,679.94775,0.6806177
513,1860.2537,708.0723,0.40416172,1859.269,706.12805,0.34049904,1397.5759,703.78723,0.99834824,1427.675,677.92426,0.75809455
514,1860.2998,708.25244,0.37437844,1859.3099,706.2057,0.31790853,1398.1876,704.2027,0.9550077,1429.7471,677.32263,0.7223439
515,1860.6738,708.30597,0.37886795,1859.6376,706.2057,0.32276565,1398.9093,704.64777,0.9252741,1430.8036,676.89465,0.7066342
516,1860.9967,708.3729,0.3645759,1859.8561,706.2057,0.3058136,1399.331,704.929,0.95589674,1431.1621,676.88354,0.723827
517,1862.6511,708.41644,0.40565494,1860.2335,706.2057,0.3374029,1399.5345,704.929,0.95328933,1436.1523,675.5061,0.6581269
518,1862.6511,708.3729,0.40911257,1860.2335,705.65625,0.33561528,1400.2144,704.8783,0.9805266,1440.4651,675.5061,0.7501808
519,1862.6511,708.3729,0.44508705,1860.2335,705.5821,0.37275994,1405.1906,704.6702,0.9983177,1440.6118,675.5061,0.7807826
520,1829.4479,703.3428,0.3982594,1828.0502,701.2796,0.34004563,1408.2139,704.8783,0.9612741,1447.8041,680.9794,0.43875626
521,1829.4479,703.3428,0.45309138,1828.0502,701.2796,0.40436536,1411.1516,704.6702,0.96417415,1449.7197,680.9794,0.30426532
522,1829.4479,703.3428,0.45719016,1828.0502,701.2796,0.40619826,1413.8496,704.6702,0.98619914,1451.3123,681.07324,0.4229722
523,1834.2986,704.2259,0.34797132,1829.5917,701.4344,0.2937053,1426.8604,705.21967,1.0,1455.9171,681.93726,0.6437412
524,1837.153,704.5804,0.36592457,1838.4384,702.1953,0.31054607,1436.6393,705.5551,0.9188014,1460.6149,707.0676,0.35559514
525,1837.2255,704.70715,0.38836557,1838.4384,702.2039,0.33267918,1450.5557,705.5551,0.78683734,1460.737,707.0676,0.39380977
526,1837.5054,704.7693,0.36529255,1838.4384,702.32465,0.30846822,1451.0216,705.5551,0.80355257,1460.737,707.0676,0.37026164
527,1837.5054,704.7693,0.40332767,1836.5775,702.32465,0.34774712,1451.6086,705.2599,0.79665023,1460.8378,706.8269,0.38764328
528,1837.2255,704.8817,0.4281727,1836.3207,702.42426,0.36415568,1453.1859,704.6472,0.7485594,1461.2235,706.7815,0.35934156
529,1687.4406,711.15656,0.27873883,1685.3047,708.63666,0.24083166,1459.9181,704.19055,0.81156605,1465.8287,703.94135,0.17898995
530,1686.7585,711.5649,0.2626288,1685.238,709.3097,0.21408542,1462.9807,703.68823,0.9480143,1493.5717,676.6163,0.84609264
531,1686.7585,712.5621,0.17122823,1685.238,709.93115,0.13794781,1465.3497,703.217,0.9810046,1497.7924,676.6163,0.7398692
532,1686.7585,712.7549,0.2171968,1685.3047,710.4242,0.17723098,1473.7421,703.1066,0.87641644,1506.1366,676.6163,0.6810495
533,1687.4114,712.7549,0.12077546,1687.0527,710.4242,0.09358636,1476.0804,700.70593,0.8034775,1511.6964,678.6596,0.53409815
534,1688.7037,712.5621,0.1397538,1688.2017,709.93115,0.109218955,1496.4877,700.3336,0.90742856,1527.1841,678.6596,0.53195316
535,1735.4153,709.3512,0.1208749,1734.6405,706.8454,0.090817615,1507.6205,700.2197,0.974135,1536.9064,678.6596,0.81513184
536,1735.5345,709.3512,0.11067507,1734.8435,706.8454,0.082624644,1524.384,699.91595,0.9229549,1544.1844,677.2353,0.6557976
537,1736.1703,709.3512,0.1673246,1735.2826,706.8454,0.14030796,1528.2292,698.0405,0.93911546,1544.3652,677.2353,0.672958
538,1736.1703,709.38184,0.19417669,1735.2826,706.94965,0.163344,1528.2292,697.4509,0.9784614,1550.6687,677.2353,0.834042
539,1736.1703,709.38184,0.1699612,1735.2826,706.94965,0.13853376,1528.2292,697.4509,0.8951039,1553.1741,679.14197,0.70026624
540,1735.9512,709.5387,0.181361,1733.2559,706.9837,0.13135016,1527.2812,697.8683,0.83633244,1553.8444,683.01166,0.33616534
541,1734.4066,709.38184,0.14688487,1687.0002,706.94965,0.1287843,1527.2812,697.8683,0.8787243,1554.5117,683.01166,0.48468918
542,1733.5057,708.32697,0.20221846,1649.8322,705.76654,0.16398218,1527.2812,697.8683,0.9208256,1554.5781,683.01166,0.44201088
543,1733.5057,708.32697,0.10406182,1649.8322,705.76654,0.088810146,1529.6387,697.8844,0.9641628,1556.2903,681.16516,0.568824
544,1733.5057,708.51245,0.12827522,1685.8925,706.1105,0.10211919,1532.0769,697.8844,0.9529001,1556.2903,681.16516,0.41853124
545,1733.6683,708.51245,0.18217292,1685.8925,706.1105,0.13555191,1535.1743,698.3354,0.9620516,1556.9623,681.16516,0.3901525
546,1733.6683,709.1864,0.16929084,1731.3922,706.7386,0.13295776,1535.1862,698.3354,0.8790831,1556.9679,683.6948,0.21561012
547,1733.6683,709.1864,0.21076183,1731.3922,706.7386,0.1675638,1539.4222,698.4247,0.9371026,1556.7021,692.0908,0.22120692
548,1687.5863,709.1864,0.12697749,1685.8925,706.7386,0.10355127,1549.1599,699.4255,0.9438747,1558.0983,699.3543,0.3818398
549,1621.5038,696.7378,0.1711166,1620.6973,694.4367,0.13911755,1553.5367,699.4255,0.7309137,1571.4161,697.0371,0.24533413
550,1621.5038,696.7378,0.16916756,1620.6973,694.4367,0.13687615,1555.7505,696.9233,0.82455933,1586.5331,697.0371,0.2511552
551,1621.5038,696.7378,0.04768051,1620.6973,694.4367,0.039644442,1562.2916,696.68353,0.8512866,1586.5331,697.0371,0.19573133
552,1917.7065,710.7388,0.05755403,1915.9014,709.34814,0.047121126,1562.3529,696.68353,0.89756,1586.8995,695.9966,0.22244598
553,1918.058,711.5078,0.04845036,1916.3722,710.0464,0.039577175,1564.1782,696.68353,0.9210652,1596.7657,687.17487,0.39861664
554,1919.1783,711.5102,0.09233994,1917.4869,710.3306,0.07330027,1566.9763,697.20276,0.96645075,1599.7211,679.4134,0.64135706
555,1919.1783,711.81067,0.11569073,1917.4869,710.3306,0.09321567,1572.5413,697.20276,0.917637,1599.7275,676.7499,0.76727533
556,1919.1783,711.81067,0.11874573,1917.5007,710.3306,0.09541678,1577.4633,697.5055,0.75982606,1599.7275,676.56903,0.750718
557,1919.1338,711.81067,0.11937386,1917.4869,710.3306,0.096038744,1577.4633,699.45856,0.7377763,1601.4364,675.65436,0.74366194
558,1919.0371,711.81067,0.11415863,1917.4203,710.3306,0.09159072,1577.4633,699.66125,0.7581895,1601.4364,675.65436,0.7495145
559,1919.0277,709.95996,0.092210144,1917.3021,708.57117,0.0716199,1575.0609,700.56946,0.74395996,1601.4364,675.65436,0.73318815
560,1918.9698,709.87384,0.10473267,1917.2786,708.2849,0.08314033,1574.3062,702.1124,0.7600831,1601.0073,675.90875,0.6911498
561,1918.932,709.5264,0.09963824,1632.52,699.03455,0.08165163,1571.6926,705.96735,0.8285897,1600.8405,676.4153,0.6255731
562,1629.9357,699.246,0.104785696,1631.5216,697.71124,0.08863474,1571.1001,706.13306,0.87169415,1599.6892,678.3737,0.65065604
563,1627.5989,697.679,0.12272984,1628.7716,696.3645,0.10287812,1571.1001,706.4743,0.8864505,1599.3989,680.18933,0.555526
564,1627.5989,697.679,0.113651775,1628.7716,696.3645,0.09452989,1571.1001,706.50037,0.88545614,1598.9309,680.18933,0.51228553
565,1627.5989,697.679,0.09011506,1628.7716,696.3645,0.073602274,1570.9402,706.9056,0.9073645,1598.9309,680.1901,0.5206439
566,1628.7008,698.50226,0.10349895,1629.3445,696.73645,0.087472215,1571.1001,706.9056,0.98048913,1598.9309,680.2563,0.6257983
567,1629.0978,698.7142,0.09317682,1629.3501,697.12634,0.077687904,1570.9402,706.96313,1.0,1598.9309,680.1901,0.6419832
568,1630.8988,699.4678,0.08413622,1630.0874,697.21533,0.0689404,1570.9402,706.9881,0.98041046,1598.6218,679.1193,0.6625266
569,1630.8988,699.8275,0.08308568,1631.6526,698.093,0.069547065,1571.2548,706.9881,1.0,1598.6218,678.30945,0.71110606
570,1630.8988,699.8275,0.084570386,1631.6526,698.093,0.07394787,1571.4131,706.9975,0.9329651,1598.3191,678.30945,0.6651529
571,1630.7274,699.4678,0.09775775,1631.6526,698.093,0.083283514,1571.4131,707.0497,0.9491702,1598.3191,678.30945,0.64951366
572,1629.6694,699.2708,0.10020795,1630.5002,697.8791,0.08407632,1571.4131,707.0497,0.9327127,1598.1927,678.6666,0.6324484
573,1627.438,698.0967,0.09843011,1627.9045,696.76337,0.08138924,1571.3342,707.4357,0.9337895,1598.1927,679.671,0.56612384
574,1627.4098,697.70935,0.12047537,1627.8665,696.308,0.10068263,1571.145,707.5919,0.90933967,1599.0813,680.7884,0.5063798
575,1626.741,697.3797,0.100321226,1627.311,696.09875,0.08265862,1570.9976,707.59863,0.86445576,1600.1278,682.1134,0.43949452
576,1626.0277,697.3797,0.103237495,1625.8982,696.09875,0.08316036,1571.145,707.59863,0.8505316,1600.1278,682.1134,0.4014398
577,1626.0277,697.3797,0.12899227,1625.8982,696.09875,0.10652425,1570.9227,707.5919,0.8272156,1600.1278,682.1134,0.4604222
578,1626.0277,697.55994,0.10437183,1625.8982,696.2702,0.08575324,1570.8607,707.5193,0.9535126,1599.3622,681.25793,0.59156
579,1626.0277,697.55994,0.10703355,1625.8982,696.2702,0.087552056,1570.7374,707.3447,0.9365286,1599.3622,681.1465,0.5293223
580,1626.306,697.55994,0.090538844,1626.4532,696.2702,0.07382185,1570.0377,707.3447,0.8985426,1599.3622,680.67633,0.43783927
581,1626.306,696.95074,0.09157871,1626.4532,695.8269,0.07282476,1570.0377,707.2749,0.9139008,1599.7552,681.1465,0.4721663
582,1625.3682,696.95074,0.09793781,1625.4893,695.8269,0.079677165,1570.0377,707.33075,0.9514211,1600.4336,681.25793,0.5218855
583,1625.3682,696.95074,0.075323194,1625.4893,695.8269,0.0578144,1570.3031,707.33075,0.8947042,1600.7231,684.9563,0.27633628
584,1623.4172,697.2484,0.10642442,1623.1877,695.9641,0.08275241,1570.669,707.33075,0.8336396,1601.7775,684.9563,0.18665844
585,1623.4172,698.7669,0.089092135,1623.1877,697.3792,0.07600667,1570.9916,707.18463,0.84939724,1601.8248,689.377,0.34867045
586,1625.0359,698.7669,0.11602822,1626.6929,697.75366,0.09380187,1570.9907,707.18463,0.8521755,1602.31,689.4616,0.25837466
587,1625.3965,698.75745,0.11078403,1626.7834,697.75366,0.09490533,1570.9907,707.0363,0.822988,1601.8248,689.377,0.26742488
588,1625.0359,697.85913,0.11758643,1626.6929,696.628,0.10075035,1571.2429,707.0363,0.81798655,1601.8248,684.8549,0.2546893
589,1625.867,698.7377,0.13438039,1626.6929,697.4864,0.11139978,1571.5597,706.78467,0.8207112,1602.0045,687.6763,0.4109985
590,1625.364,698.3176,0.12562934,1625.9667,697.106,0.10108986,1572.0868,706.96155,0.8237709,1601.6863,687.58295,0.31812453
591,1625.364,698.247,0.13771206,1625.2129,697.0279,0.11482132,1572.4967,706.96155,0.81878185,1601.5458,687.58295,0.2856979
592,1624.7881,698.3176,0.14300922,1624.5559,697.106,0.1196125,1572.4967,706.76917,0.8421237,1601.5458,687.58295,0.3247346
593,1624.7881,698.49255,0.12731607,1624.5559,697.1621,0.105437346,1572.5591,706.76917,0.80486226,1601.5458,687.58295,0.27820203
594,1624.7723,698.3176,0.12757175,1624.494,697.106,0.10596152,1572.5591,706.56744,0.8226726,1601.5458,685.1291,0.25216663
595,1624.5315,698.247,0.14162996,1624.1534,697.0279,0.11681037,1572.158,706.56744,0.7794506,1601.5458,684.8947,0.24834111
596,1624.5315,698.42645,0.14298591,1624.1534,697.1621,0.11548968,1571.9774,706.641,0.8246422,1601.2736,684.49316,0.25033116
597,1624.5315,697.9876,0.14409511,1624.1534,696.66534,0.11689853,1571.5833,706.641,0.8675132,1601.0022,684.4299,0.25420612
598,1623.0939,697.2146,0.14444047,1622.562,695.90753,0.120447546,1571.548,706.641,0.7995297,1601.617,683.4546,0.26490155
599,1623.0939,697.2146,0.13691722,1622.562,695.90753,0.112711206,1570.657,706.641,0.8448578,1597.2103,683.2551,0.28372046
600,1622.1177,694.8868,0.11929249,1622.0206,693.496,0.09486958,1570.4347,706.3854,0.8152504,1596.8153,683.09985,0.3126413
