scorer,DLC_resnet50_DhanuushAug8shuffle0_50000,DLC_resnet50_DhanuushAug8shuffle0_50000,DLC_resnet50_DhanuushAug8shuffle0_50000,DLC_resnet50_DhanuushAug8shuffle0_50000,DLC_resnet50_DhanuushAug8shuffle0_50000,DLC_resnet50_DhanuushAug8shuffle0_50000,DLC_resnet50_DhanuushAug8shuffle0_50000,DLC_resnet50_DhanuushAug8shuffle0_50000,DLC_resnet50_DhanuushAug8shuffle0_50000,DLC_resnet50_DhanuushAug8shuffle0_50000,DLC_resnet50_DhanuushAug8shuffle0_50000,DLC_resnet50_DhanuushAug8shuffle0_50000,DLC_resnet50_DhanuushAug8shuffle0_50000,DLC_resnet50_DhanuushAug8shuffle0_50000,DLC_resnet50_DhanuushAug8shuffle0_50000,DLC_resnet50_DhanuushAug8shuffle0_50000,DLC_resnet50_DhanuushAug8shuffle0_50000,DLC_resnet50_DhanuushAug8shuffle0_50000
bodyparts,iliac crest,iliac crest,iliac crest,hip,hip,hip,knee,knee,knee,ankle,ankle,ankle,mtp,mtp,mtp,toe,toe,toe
coords,x,y,likelihood,x,y,likelihood,x,y,likelihood,x,y,likelihood,x,y,likelihood,x,y,likelihood
0,150.3583069,289.8865967,0.884522676,117.4543228,307.6858521,0.972432375,180.6997833,331.6167297,0.683152318,148.1134796,344.4205322,0.792785227,114.1896362,358.3313293,0.890211344,73.58853912,371.8093262,0.852327526
1,150.551178,289.9695129,0.88192296,117.7256165,307.8496399,0.973257005,181.204895,331.7884827,0.688035786,148.8124847,344.5417175,0.773137748,117.6358948,358.4736633,0.862717748,73.59848022,371.8406372,0.853676498
2,151.331604,289.9869995,0.905852139,118.5677567,308.0170898,0.97754246,181.4264526,332.5050964,0.640323102,149.7705078,344.7947693,0.722980142,119.0916901,359.0795593,0.856653333,73.99226379,371.9074097,0.840412021
3,151.3964539,290.1038818,0.903490603,118.6131897,308.0454407,0.973777294,185.6673889,333.8140869,0.708725452,150.2230988,345.3618469,0.677426219,119.3851089,359.797821,0.785288393,73.99226379,372.2850342,0.795723677
4,153.2736664,290.1996155,0.893488467,118.8801727,308.2630615,0.972888052,186.6711121,333.8140869,0.667787015,151.8894043,346.3007507,0.621195972,120.6665497,360.1516418,0.746528804,74.12792206,372.5559998,0.792765915
5,154.6129761,290.1996155,0.902823508,119.399292,308.8491211,0.974076629,186.6711121,333.8140869,0.694965541,155.7079315,349.6183777,0.627065301,121.3281708,360.5604553,0.715297997,74.14650726,372.5708008,0.825812638
6,155.7617493,290.1038818,0.908603251,121.1229248,308.8491211,0.978282273,186.6711121,333.5589905,0.590732932,155.8634033,349.6183777,0.702533185,122.3333054,360.6214294,0.80385685,75.8130188,372.9397888,0.789002776
7,155.7617493,290.1996155,0.908652663,121.5626221,308.2630615,0.975066066,186.7003021,333.5584412,0.517079175,157.2272339,349.4013672,0.656169713,122.7029037,360.8710327,0.798326612,76.31617737,373.3602905,0.736142635
8,153.8894196,290.2623291,0.91519475,122.4146881,307.8563843,0.974211931,186.7003021,333.092041,0.518506885,157.2784424,349.3226318,0.679733515,123.6140137,361.0886841,0.825264454,76.95953369,373.5308838,0.667210281
9,156.6064301,290.0322876,0.813054442,127.7593994,307.3364868,0.964352548,190.3067322,332.9124756,0.598189533,167.0218964,349.3226318,0.7045362,137.5173798,361.2205505,0.638385355,82.18009186,373.5308838,0.527053773
10,156.9478302,289.999176,0.800477087,129.6638489,307.3364868,0.964712441,201.5619202,332.5869446,0.573613524,169.4718628,348.4011536,0.720080078,144.6761475,361.2205505,0.815254629,82.93321991,373.5308838,0.392471343
11,161.9769135,289.999176,0.821005642,135.079834,307.3364868,0.982423246,206.6719208,332.5869446,0.639419973,175.587326,345.3122864,0.466941357,159.7914124,361.7967834,0.724549711,123.42173,372.6562195,0.55785656
12,188.5493317,289.999176,0.846216321,138.9788666,308.2161255,0.967171013,209.7565002,332.5869446,0.540761948,189.2845612,345.3122864,0.54409039,160.945816,361.7967834,0.88092941,126.100235,372.6562195,0.855344713
13,191.0617981,288.8705444,0.851347864,151.0622101,313.7065735,0.981722593,222.0205383,333.1729431,0.554266572,190.9087677,345.1106262,0.654485404,165.0169678,361.7967834,0.931788921,126.4944458,372.6562195,0.939090967
14,191.7323456,288.8705444,0.821947277,154.0653992,315.1949158,0.974581957,222.3383636,333.572052,0.409493327,195.8815918,345.3122864,0.696552515,167.2369843,362.2431946,0.951487303,131.543869,373.0083313,0.95848304
15,203.5851746,288.8705444,0.777954459,158.6441956,315.1949158,0.938007712,223.6497498,337.3561401,0.492734283,201.087326,345.4117737,0.729173958,170.6131592,362.5741272,0.944526613,132.0150909,373.222229,0.958923817
16,203.745697,288.8705444,0.75392437,159.1560974,315.1949158,0.943229496,224.2447357,337.8955688,0.448752671,201.7418518,345.4711304,0.719597578,171.5887299,363.5982666,0.933181167,132.4997253,373.2270508,0.959857821
17,205.1853027,288.0028076,0.792910278,163.5055695,314.9499817,0.953350723,228.4486084,337.8955688,0.417900175,202.1506195,345.4711304,0.752655208,173.2104645,363.5982666,0.938815355,132.9695129,373.7578125,0.955390394
18,212.1155853,287.0501099,0.802673638,165.8726349,314.8325195,0.971791208,231.2961121,338.1372986,0.488694251,204.2781372,346.7332458,0.765174985,175.6984863,363.5982666,0.953415811,133.736496,373.9995117,0.859682798
19,223.1378937,287.0501099,0.838427126,170.6046906,314.8325195,0.976284921,246.3068237,339.0092773,0.561149895,212.2359924,349.0465088,0.796895981,181.245224,363.8877258,0.978490353,149.6747131,374.1053772,0.838508368
20,225.5697937,287.0501099,0.883350253,175.121521,314.9499817,0.94038111,253.920578,340.3620605,0.643434107,217.5215149,349.6226807,0.826467812,184.7694855,364.6454468,0.960937142,160.1927032,374.3194275,0.794790566
21,234.2580414,292.2536926,0.870169938,187.9242859,319.1416321,0.956635177,259.9379272,342.2556152,0.583405614,220.6160126,351.6756897,0.658275485,196.6880341,365.3793335,0.720335722,171.5010376,374.8211975,0.881525338
22,238.0596619,294.6443176,0.936761141,196.8055725,321.1616821,0.9588269,260.3747864,342.4338379,0.629279733,223.9351501,352.4692688,0.718912363,197.3789825,366.0054626,0.872990787,172.7493286,376.0090637,0.963235974
23,239.7124939,296.2606812,0.933068991,201.9786377,324.6021118,0.962816238,260.3747864,342.4338379,0.543216407,228.050766,354.0753174,0.844344914,198.4959259,366.0054626,0.880970478,173.1051483,376.0090637,0.945373654
24,240.0008392,296.2606812,0.920683384,203.2686157,324.6212769,0.953624845,261.1742554,342.2556152,0.526093245,228.1362457,354.0753174,0.862715304,199.1185455,366.0054626,0.899517536,173.684845,376.0090637,0.955698073
25,244.2201538,296.2606812,0.966534376,211.5697021,325.2960205,0.983985066,276.868988,339.5325012,0.568091571,236.0464325,353.3413696,0.897610962,203.1724701,364.5111084,0.94190979,173.684845,376.640686,0.942171752
26,244.7497253,296.2606812,0.972456157,214.1808777,325.2960205,0.988721013,277.2555237,339.5325012,0.54806304,237.6672363,353.6878357,0.889713287,205.2423248,363.587677,0.924874008,173.7003021,376.640686,0.93719703
27,245.5281219,296.0910645,0.969741881,214.531662,324.6212769,0.98575294,277.8005066,339.296875,0.523846507,238.6709595,353.3413696,0.901022732,205.5101318,363.504303,0.922974825,175.521225,376.640686,0.93303895
28,247.769577,295.9137268,0.947073817,215.3703918,324.6212769,0.975106001,278.736908,339.2127686,0.434213817,238.7604218,353.0662231,0.890794396,206.4994354,363.504303,0.90117228,176.131073,375.9391785,0.937001348
29,272.0201111,295.9137268,0.95108974,232.4603882,322.8254395,0.982911825,298.2268982,339.0657959,0.562402129,263.502533,351.9610596,0.800643981,219.3401337,363.587677,0.837945282,184.656723,375.8864441,0.897793889
30,292.7652283,296.0910645,0.953846753,249.1106415,322.0686951,0.967461824,311.7884827,338.3538513,0.628860593,286.7133179,351.302124,0.81184864,258.3605652,364.3768616,0.880954027,201.5431976,374.6572571,0.553672969
31,301.1916199,296.0910645,0.946029663,263.1708679,322.0686951,0.980707288,332.1960449,336.8705444,0.439755201,299.703064,351.302124,0.853991985,266.1255493,366.2700195,0.946267068,229.2532501,374.6572571,0.887323737
32,308.1294556,289.0521545,0.936855853,264.7520142,322.0686951,0.972938001,333.4867249,336.8705444,0.430172294,301.4420166,351.302124,0.833521068,266.2408447,366.6624146,0.959409118,232.3950653,374.6572571,0.956093967
33,318.5460205,287.9909973,0.873695552,288.2165527,323.4508362,0.961339474,358.8787537,338.2521057,0.559564114,330.7779846,352.415741,0.669900417,297.4319763,366.6624146,0.955160558,268.3556213,376.321106,0.933402121
34,347.4665833,297.3978577,0.91420877,296.6131897,323.9586487,0.947493136,374.6568604,338.3538513,0.6829862,345.1933594,352.8719482,0.702928483,308.303833,368.2276611,0.973064899,275.7165222,377.5075989,0.977832735
35,354.7228699,296.1838074,0.95812279,309.8921814,324.4769897,0.976816237,381.4711914,339.2246399,0.797980666,349.052887,353.7763672,0.73991555,325.7254944,369.1807556,0.83431828,287.3319702,378.4532471,0.671484232
36,358.0656738,296.1838074,0.949281752,325.3976135,325.642395,0.964528978,397.9499207,340.5465088,0.69113028,374.8883667,357.1221924,0.70063436,353.021698,371.4078674,0.690544546,320.6442871,381.0389099,0.411668867
37,366.8452759,301.005249,0.931221068,330.948822,324.9432678,0.938145459,399.7243652,342.1059265,0.763886034,378.5779419,357.1847229,0.765627265,356.5760498,374.1426086,0.636843681,337.7513123,385.0552673,0.690838635
38,367.1643372,301.7461853,0.924332082,331.6339722,325.017395,0.936025083,401.2930298,342.4944763,0.767106056,380.0499878,357.8776855,0.770915329,361.616272,374.2148743,0.739207089,337.8103027,385.0552673,0.759704232
39,367.588501,301.7461853,0.917578578,333.286499,328.1559753,0.923303962,401.5551758,342.5054321,0.751068234,384.7064514,357.9962158,0.750788271,361.8143005,374.3526001,0.801736057,338.1453247,385.0552673,0.737834752
40,368.3442688,301.7461853,0.948232651,335.1970825,325.2287292,0.944915891,402.3238831,345.6060181,0.801332355,384.7064514,358.074707,0.669915676,362.5090637,374.6417236,0.804131985,338.1453247,384.3799438,0.581881881
41,368.571991,301.7461853,0.956318736,338.0480042,325.017395,0.913351655,406.1583862,345.6060181,0.81603092,385.2518616,358.0906067,0.691169202,361.8143005,374.2148743,0.787495077,338.1453247,383.620575,0.574500263
42,374.8726501,299.639679,0.967681348,339.0229187,325.017395,0.973239541,406.2410583,345.8026428,0.796602428,387.964325,359.0503235,0.612683535,362.0520935,374.2148743,0.705041945,337.8055115,383.5595398,0.559167325
43,386.9589233,299.639679,0.912653267,352.1520691,324.7674561,0.928252399,418.1514893,345.6060181,0.812500954,389.6528015,359.0503235,0.716733515,362.5090637,373.6735535,0.923377812,337.8055115,379.6223755,0.828664124
44,388.9412231,299.639679,0.908012688,357.4898987,323.3690796,0.963767231,419.9545593,345.4950867,0.76449424,392.1636658,358.074707,0.777071118,362.6795654,372.0399475,0.967684388,337.8055115,378.6966553,0.852837384
45,397.3020935,301.0079651,0.919861913,364.3796997,320.9167786,0.957402229,424.0473633,343.1782227,0.737301707,398.3034668,354.7264404,0.779812157,369.6770935,370.1602783,0.870340645,347.2267456,377.5473938,0.761808753
46,399.8716736,301.8817444,0.916028321,371.3288879,318.1813354,0.950418413,430.4512634,341.289978,0.706481993,401.98526,354.0724487,0.829452693,372.8322449,369.4380493,0.897427082,349.3622437,374.4701233,0.84689343
47,405.4051514,302.3216553,0.918746114,372.7797852,316.6789246,0.962769151,432.2329102,340.5083313,0.632183254,404.3761902,353.854248,0.817050815,373.4403687,366.8989258,0.903755188,349.7919312,374.4475403,0.754712403
48,405.8177795,302.4952698,0.898685753,373.2719116,316.5569458,0.957931578,436.7042236,340.4026794,0.60690701,405.4458923,353.854248,0.757582486,373.7993774,366.8314819,0.904728413,349.9454041,374.4475403,0.75776881
49,406.3713989,302.4952698,0.920366943,374.2667847,316.5569458,0.967113197,437.296936,339.8665466,0.626219332,405.4563599,353.8484497,0.797853053,374.3526306,366.8314819,0.914255023,350.3060303,374.4701233,0.733792424
50,406.6999207,302.4952698,0.921136439,374.2740784,316.6789246,0.96462822,437.5362244,339.6782532,0.674215436,405.5042725,353.8484497,0.770571411,374.6245728,366.7909241,0.903376639,350.4780579,374.5840759,0.718835473
51,423.3798828,301.851593,0.95720017,386.6937256,316.5569458,0.945348084,450.678894,339.3092651,0.677864254,412.7279053,352.5379333,0.693318844,379.5587463,366.7387085,0.809172451,353.9739685,379.5046387,0.737440526
52,423.3798828,301.0584412,0.938786209,389.4135742,316.8482971,0.964821875,451.0717468,339.1999207,0.674756527,414.8814087,348.5352478,0.794483721,380.0447083,365.1505737,0.729587257,354.6176453,379.5046387,0.723271132
53,423.3798828,301.0584412,0.957459867,389.4135742,316.9120178,0.969497919,451.6771851,338.038147,0.706897736,415.6434631,348.3699646,0.823995769,383.1563416,363.5175171,0.836858928,356.0402222,379.5046387,0.695224583
54,421.2693787,300.6078186,0.957477689,389.4135742,317.1961975,0.965888798,451.8130493,337.9604492,0.771411419,416.1226807,348.3699646,0.779552996,384.7903442,363.5175171,0.822831035,356.392334,379.3808899,0.692516029
55,421.1676331,301.0584412,0.954213262,389.0945129,317.3093567,0.964682341,451.6771851,337.635437,0.738115728,416.3946533,348.5352478,0.769537628,385.4117432,363.5175171,0.85533601,360.5241394,376.0735474,0.721909881
56,419.09375,301.2850952,0.921772659,387.8058777,317.3664856,0.957715213,451.0717468,337.5010986,0.765578628,416.3946533,349.2941589,0.696836591,385.4117432,364.2956848,0.795084119,360.5241394,376.0735474,0.713498712
57,416.1741638,301.3709106,0.905523539,387.4231567,317.3664856,0.958155811,450.8780212,337.4253845,0.781330526,416.3946533,349.2941589,0.732561588,385.4117432,364.7749329,0.871926486,360.5241394,376.0735474,0.812273562
58,416.1741638,301.3709106,0.914779186,386.7479248,317.3664856,0.95573622,450.8780212,337.4116516,0.700139463,414.5979004,349.2941589,0.73044616,381.3654785,366.2232666,0.823531747,353.6124268,379.5730591,0.690237701
59,416.1741638,301.3709106,0.924276292,386.7479248,317.6550903,0.951075017,450.7485657,337.4116516,0.737103462,414.5979004,349.2941589,0.729231119,381.2333679,366.3202209,0.830729306,353.6124268,380.1678162,0.703301489
60,417.90979,300.7260437,0.92615968,386.7479248,318.0010681,0.952418685,450.7485657,337.367157,0.772286773,414.5979004,349.2941589,0.724645317,381.2333679,366.3202209,0.860179067,353.6124268,380.1678162,0.758146942
61,418.597229,299.7189331,0.960339308,386.8994141,318.0010681,0.970388114,451.3438416,337.367157,0.793175459,422.4734497,352.3540344,0.553704441,381.3654785,366.4976807,0.740316331,353.9620667,379.5730591,0.722828448
62,430.899231,293.685791,0.91911304,391.9714966,318.3197632,0.964892924,465.7341003,337.367157,0.768639266,430.0820007,352.3831482,0.54947263,388.1538086,366.4976807,0.767432749,357.2532349,375.7684937,0.821116924
63,442.855011,293.437561,0.947119057,396.440033,318.3197632,0.953119755,471.6311646,336.7124634,0.809996665,432.1607056,352.3831482,0.661350846,394.7792664,363.2527771,0.903726637,365.124939,375.7684937,0.858380079
64,443.5803528,293.437561,0.95027858,400.2882385,318.0010681,0.955370605,471.8917542,336.7124634,0.807787597,433.6217041,352.3540344,0.707117498,396.6848755,363.2527771,0.906766772,367.7904663,375.7684937,0.841633499
65,443.8397827,293.685791,0.927927136,403.3435364,318.181427,0.960157812,473.1547546,336.651001,0.729737103,441.4867554,351.6053772,0.812687457,407.7287292,364.546875,0.974013031,370.4709778,376.0365601,0.885482609
66,444.7489929,293.4061279,0.886024475,409.6930542,318.181427,0.964980662,476.2096252,335.465271,0.781195521,447.3063354,350.8613892,0.814097822,413.965271,364.546875,0.944936335,376.0346375,376.0365601,0.823484063
67,462.6681519,293.3439636,0.91767925,423.8364563,318.181427,0.977488637,498.2371521,335.465271,0.64499414,461.6465149,350.5383606,0.850838065,434.7257385,364.546875,0.885466993,378.955658,376.0365601,0.491175205
68,478.9280396,293.3439636,0.905909479,431.0065613,318.2252502,0.941173732,508.2995605,335.089447,0.592939615,475.2538452,349.989563,0.755639195,446.3861084,364.546875,0.91601634,412.2309875,374.756958,0.630587876
69,479.7507935,291.82547,0.947168291,440.9611816,318.4571533,0.972054303,511.0772705,335.089447,0.677990556,479.2945557,349.989563,0.638609648,447.0379639,366.9924622,0.876465261,418.2208252,374.756958,0.942310095
70,488.9656372,291.82547,0.943801641,442.5207214,319.1392822,0.956273973,516.2816772,336.0151367,0.665461123,481.1856689,349.989563,0.6141752,451.8171997,366.9924622,0.912659645,423.7292786,374.37677,0.960735261
71,506.5132446,292.9908447,0.950695515,455.3275146,320.9607544,0.955045819,541.2890015,336.124054,0.664333642,509.306488,353.4530334,0.51922977,462.8198853,367.4147034,0.842934787,432.7331848,374.37677,0.933253109
72,507.5574341,292.9908447,0.950267732,458.5717773,320.9607544,0.917926371,543.678894,336.1677856,0.555457234,510.0802917,353.4530334,0.535596251,481.8227234,368.0881042,0.834315479,436.8782349,374.37677,0.950303257
73,507.5574341,293.2771301,0.926017761,463.1740723,321.4139709,0.91550976,543.9022217,336.6374512,0.584007204,520.6560059,353.4530334,0.498301864,481.8428955,368.0881042,0.854688823,439.4269409,374.37677,0.953115523
74,507.5574341,294.5113831,0.881006598,464.0619202,321.2633972,0.922372997,544.2403564,336.6374512,0.574054658,521.6715698,353.2993469,0.602832973,482.5286865,368.1575928,0.922570467,445.2434082,374.37677,0.938685715
75,500.838501,305.2253723,0.879882216,465.4953003,321.2633972,0.94922775,546.225708,336.1677856,0.50623107,523.1729126,353.2993469,0.53379339,486.7883606,368.2755432,0.895701945,451.9839783,374.7380371,0.962282598
76,500.838501,305.2253723,0.851439714,471.163269,321.2633972,0.955381811,557.2467041,335.8959045,0.738474071,523.5852661,353.2993469,0.713130772,492.3595581,368.0881042,0.937262356,462.8144226,376.6545715,0.966747105
77,500.838501,305.2253723,0.839156806,471.7950439,321.6208191,0.946101248,559.2716064,335.8959045,0.668703139,530.1115723,353.7575989,0.550181448,492.9471436,368.2755432,0.947144449,462.8200378,376.6545715,0.964996874
78,511.5064392,304.7426147,0.8183164,474.3244324,321.6208191,0.924462259,559.6263428,335.8959045,0.710335076,530.168335,354.1913757,0.714486599,492.9471436,368.2961731,0.950503349,462.8200378,376.6545715,0.970843136
79,513.2024536,304.5527954,0.818178117,475.384491,321.8610229,0.897603929,559.7272949,336.3226013,0.742111027,532.0574341,355.3005676,0.778917193,492.3595581,368.4631348,0.948495328,464.0672913,376.608429,0.96750766
80,519.4787598,301.6738281,0.943959534,479.4309082,321.6208191,0.944581807,560.043396,344.4921875,0.765521646,532.0574341,355.3005676,0.649373114,495.6134949,368.3921509,0.960102022,466.771698,374.9638367,0.975500822
81,526.586853,296.903595,0.961751461,481.1916504,321.6208191,0.955791533,560.043396,344.4921875,0.787594676,533.2504272,355.3005676,0.592526078,495.6134949,368.3921509,0.973215997,466.771698,374.0168762,0.964168251
82,536.4486084,295.9069519,0.909589291,486.4008789,320.6465454,0.968537092,561.5797119,344.4921875,0.632659554,533.5354004,354.8766785,0.441573024,495.6134949,368.3921509,0.971774638,467.3639832,373.6779175,0.970254719
83,548.1148682,293.9989624,0.951217234,502.8078308,318.354248,0.938857496,577.8720093,342.3392944,0.747771859,549.3810425,354.8766785,0.702118158,511.493042,366.3309326,0.910001516,485.8658752,369.9273071,0.942830741
84,553.3811035,293.6262207,0.959374785,504.1014404,318.1401978,0.964523017,579.8161621,341.8500977,0.654191256,551.229187,354.8766785,0.712689757,520.9029541,366.3309326,0.897918284,486.3837891,369.9273071,0.896041155
85,562.956604,293.6262207,0.930090308,512.2696533,316.7160645,0.938866675,591.7756348,341.8500977,0.539580107,560.2012939,354.8766785,0.573984265,521.0266113,366.3309326,0.905611277,492.7791443,369.9273071,0.678429723
86,568.4389038,293.9989624,0.924442708,520.5509033,316.4047546,0.958426714,597.4919434,342.2406006,0.529823601,564.0992432,354.4019165,0.573349714,530.2397461,366.3309326,0.81812799,504.7868347,371.7771912,0.767752409
87,569.8189697,294.740509,0.952756882,524.8320923,316.0803833,0.931859314,603.0020142,342.2406006,0.582762122,564.8363647,354.4019165,0.72449404,533.8792725,366.8460693,0.942713082,509.7776184,372.3126221,0.959303439
88,571.7398682,294.95401,0.953385413,526.4911499,316.0664978,0.943958402,603.2817383,342.2437744,0.591163337,565.7459717,354.2876587,0.703952551,534.1240234,366.8460693,0.939027965,510.9674377,372.4048157,0.944143891
89,573.0457764,297.2336731,0.943206012,534.5743408,316.0803833,0.963051438,603.3052368,342.2437744,0.681572318,566.9252319,354.2661438,0.620928466,535.0490723,366.8457642,0.890155137,513.3289185,372.4048157,0.916402698
90,578.0742188,297.9523926,0.9377895,537.4998169,316.0803833,0.966421485,603.4873047,342.3292542,0.675180852,568.5924683,354.1697693,0.706590116,537.4324951,366.8457642,0.866565645,515.5234985,372.4048157,0.913042367
91,578.1564941,297.9523926,0.929203033,539.3733521,317.5866699,0.959300816,604.9507446,342.3334961,0.682370782,571.9043579,353.7606201,0.721894562,540.0078735,366.8457642,0.919916809,518.480957,372.3312073,0.939261436
92,582.9907837,297.9523926,0.925423205,539.4719238,317.5866699,0.955907524,605.5820313,342.6018982,0.719004095,572.1837158,353.1737976,0.763744533,540.5728149,366.0991821,0.936490178,518.480957,372.0705566,0.940237463
93,584.4098511,297.9354858,0.948213279,540.3673706,317.9374084,0.94637388,605.7749023,342.4355469,0.696906686,572.7312012,353.1737976,0.769853592,541.8014526,366.8457642,0.935136199,518.5722656,371.9223938,0.934491217
94,585.5377197,297.9354858,0.955907106,542.7484741,317.6300964,0.928818285,605.9197998,342.4355469,0.723498821,573.1223145,353.7606201,0.782328069,542.1884155,366.0991821,0.941290021,518.673584,371.9223938,0.904744446
95,585.6464844,297.4547729,0.947197795,547.7128906,317.5866699,0.956644297,606.168396,342.4355469,0.754118383,576.7485352,353.4378662,0.801158249,547.9517822,365.9438477,0.940146625,522.4695435,371.605896,0.924028397
96,586.5513916,297.4547729,0.947356045,549.2684937,317.0354919,0.966462553,606.5910034,341.6898804,0.772523403,576.809021,353.4378662,0.834271371,549.0682983,365.4560242,0.946093142,525.0587158,371.5488281,0.912579358
97,588.4517822,297.4547729,0.95827198,550.586731,316.5436707,0.965236366,608.4758911,341.1324768,0.782221854,580.8427734,353.4378662,0.792007804,554.4594116,365.4560242,0.910053968,528.6369019,371.4741211,0.897724211
98,591.7244263,295.8609924,0.935291886,552.5772095,314.3720398,0.971490741,613.1419678,338.241272,0.783437371,587.1951904,351.7098999,0.884440184,562.1983032,364.6968994,0.973447502,531.9596558,371.4741211,0.940872848
99,591.7244263,295.5144653,0.934908152,552.5772095,314.3720398,0.968625963,613.4575195,338.1222229,0.672838092,588.1827393,351.5924988,0.852278352,562.1983032,364.2723389,0.966713965,531.9596558,371.3529663,0.920895278
100,591.7244263,295.4141235,0.927220106,552.5772095,314.2637939,0.970834374,613.5663452,337.9441833,0.713719726,588.1827393,351.544281,0.85754925,562.1983032,363.4729004,0.964381874,531.9596558,371.3741455,0.917380929
101,590.8475952,295.3355713,0.915349245,551.7431641,314.2488098,0.973753691,613.5663452,337.8245239,0.669530869,588.2893066,351.544281,0.83237797,561.2890015,362.9460144,0.951096833,526.0637207,371.3741455,0.875463486
102,590.7877808,295.4141235,0.913260341,551.6146851,314.2133484,0.97306627,613.4575195,337.822052,0.664440989,588.1827393,351.413147,0.830166817,560.5656128,362.3049011,0.956429958,524.8302002,371.3741455,0.904728234
103,590.6334839,295.3355713,0.916661322,551.5245361,313.7581177,0.972827613,613.0127563,337.6672668,0.677178144,587.9473267,351.3586426,0.821721435,560.4276733,362.2504272,0.954338372,524.6169434,371.4514771,0.910294414
104,590.1113892,295.2060242,0.921735823,551.3682861,313.552948,0.973510921,612.5697632,337.6672668,0.667085886,587.9070435,351.3586426,0.823583841,560.3781128,362.0755005,0.961975753,524.5819702,371.4514771,0.926498175
105,589.9274902,295.2003174,0.92545563,551.2734375,313.4987488,0.972632706,612.5697632,337.5383606,0.682941198,587.2437744,351.358551,0.843876719,558.982666,361.9058838,0.959908605,524.0598145,371.4514771,0.927006721
106,589.9274902,295.1586914,0.92629832,551.2734375,313.4711304,0.97259444,612.5697632,337.5041809,0.676447093,587.2437744,351.358551,0.831605792,558.982666,361.8348389,0.960437894,523.9533691,371.4125671,0.927415073
107,589.9274902,295.1470032,0.916631877,551.2734375,313.4711304,0.970395565,612.6056519,337.4957581,0.675827503,587.2437744,351.4615479,0.825814784,558.982666,361.7218628,0.956096232,523.7346191,371.3439026,0.924140155
108,590.163147,294.9814148,0.915531874,551.5582886,313.4711304,0.970792532,612.7549438,337.4957581,0.665976584,587.6494141,351.4615479,0.825336814,558.8442993,361.7626343,0.952175677,523.6671753,371.3439026,0.918719769
109,590.163147,294.9074402,0.920189381,551.5582886,313.4711304,0.971203625,612.7549438,337.3512573,0.67066443,587.7008667,351.3538513,0.810260355,558.8442993,361.7503662,0.945317805,523.6671753,371.3439026,0.912128627
110,590.163147,294.9074402,0.920347869,551.5582886,313.3834229,0.972320974,612.6056519,337.3512573,0.631123066,587.7008667,351.2670898,0.816711545,558.7531738,361.7218628,0.948900104,523.6671753,371.4269104,0.912480712
111,590.1612549,294.9074402,0.917808771,551.5678711,313.3834229,0.974435925,612.6056519,337.2356262,0.622928798,587.8486328,351.2670898,0.816303253,558.7050171,361.7218628,0.951675832,523.6123047,371.4944153,0.916641891
112,590.1612549,294.9408875,0.918104351,551.5628662,313.3834229,0.973435283,612.5059814,337.2356262,0.666988194,587.7008667,351.2670898,0.833636343,558.7050171,361.6905823,0.947661579,523.4981689,371.4944153,0.915168107
113,590.1612549,294.9985962,0.912556827,551.5628662,313.3834229,0.973374367,612.5059814,337.2944641,0.601306736,587.7008667,351.3007813,0.826314449,558.7531738,361.6905823,0.949874401,523.4981689,371.6307068,0.910867333
114,590.1612549,295.0089111,0.91907388,551.6057129,313.3834229,0.970557213,612.7509766,337.386261,0.611375809,587.8486328,351.4372253,0.803156674,558.7401733,361.6905823,0.938367188,523.4535522,371.6307068,0.907896459
115,590.1612549,295.0089111,0.913730204,551.8689575,313.3294067,0.972813547,612.7509766,337.386261,0.638761878,588.119751,351.4372253,0.824418128,558.760376,361.7290039,0.952365756,523.4981689,371.5585632,0.922952294
116,590.178772,295.0089111,0.914790034,551.8986816,313.2377319,0.972769856,612.7509766,337.386261,0.620945334,588.1832275,351.4372253,0.801980972,558.9493408,361.8753357,0.93983233,523.5457153,371.5585632,0.918846428
117,590.178772,295.0089111,0.913234472,551.9019775,313.2377319,0.971693337,612.7509766,337.2944641,0.616159976,588.197876,351.3672791,0.808709502,559.1870728,361.9568787,0.942151785,523.630188,371.6307068,0.918857157
118,590.0462646,295.0089111,0.924703181,551.8986816,313.3258972,0.968434811,612.5041504,337.0626831,0.631321013,588.197876,351.2863464,0.802226126,559.430603,361.8876038,0.941594601,523.5457153,371.8588562,0.915342152
119,590.0462646,295.0124207,0.920345187,551.8986816,313.3258972,0.97037822,612.4401245,337.0626831,0.622872591,588.197876,351.2562866,0.816909373,559.430603,361.8876038,0.944515586,523.5457153,371.931366,0.914706409
120,589.6538696,295.0042725,0.917168796,551.5532227,313.4866943,0.970606148,612.4401245,336.9819641,0.617412865,587.7628784,350.925354,0.781061232,559.437561,362.0413208,0.931592882,523.2946167,372.0657959,0.912722111
121,589.5365601,295.0446777,0.919086874,551.4779053,313.4866943,0.969424009,612.3873901,337.0626831,0.626106501,587.6398315,350.925354,0.779300988,559.437561,362.0413208,0.927149117,523.1296387,372.0979004,0.909510791
122,589.5157471,295.0540771,0.919485867,551.4779053,313.4866943,0.969235778,612.2237549,337.1225586,0.553205729,587.6286621,350.925354,0.78396368,559.430603,362.0413208,0.929323792,523.1091919,372.0979004,0.912994981
123,589.5365601,295.0540771,0.924067318,551.5302124,313.5022888,0.969280422,612.2237549,337.1225586,0.595585644,587.6207886,351.1070251,0.789795756,559.343811,362.1088562,0.919889867,522.9189453,372.0979004,0.907699704
124,589.6538696,295.0540771,0.917915463,551.5302124,313.5677795,0.970867455,612.2237549,336.9819641,0.593941867,587.6178589,351.1132813,0.78764379,558.999939,362.2301331,0.919369042,522.71521,372.0979004,0.912077248
125,589.5365601,295.0972595,0.91871649,551.4779053,313.6517944,0.970284641,612.0596313,337.1225586,0.575633407,587.4994507,351.1200867,0.79069978,558.3248901,362.3608398,0.914144814,522.5984497,372.157959,0.903237343
126,589.4432373,295.3013,0.914403021,551.4646606,313.7059326,0.970874071,611.8009644,337.3525696,0.585635126,587.0628052,351.3215637,0.814704299,558.2545776,362.3608398,0.929980755,522.2763672,372.384491,0.908278227
127,588.7529907,295.0972595,0.95170629,550.8129883,314.8527527,0.961531222,610.6506348,338.4429626,0.725137055,586.6334229,352.791687,0.826039612,557.5708618,364.7289429,0.852953315,520.9857178,372.3903503,0.9054479
128,588.7529907,295.0972595,0.963114023,550.6757202,314.8527527,0.961915612,610.5438232,338.6214905,0.756106913,586.1554565,352.7948914,0.819008946,556.3302002,364.7289429,0.850947082,518.4902954,373.2923889,0.894886136
129,588.7529907,295.0524597,0.95825547,550.2122803,314.8527527,0.964393079,609.8735962,338.6214905,0.672595739,585.267395,352.9255371,0.796956718,556.0214844,364.7289429,0.856554508,517.7312012,373.3660583,0.934835792
130,589.6798096,294.7219849,0.954616189,550.2122803,314.8527527,0.958942533,609.8735962,338.6214905,0.70641923,585.4883423,353.2125549,0.800789356,556.0214844,363.460022,0.85959059,517.5884399,373.4473267,0.939133823
131,589.6798096,294.6922607,0.955116093,550.6757202,314.8527527,0.958506525,610.5438232,338.6214905,0.696274877,586.1554565,353.2125549,0.769787431,556.0214844,363.460022,0.867998421,517.3823242,373.4473267,0.942336738
132,589.6798096,293.8707581,0.962293327,550.6757202,315.1905212,0.960393369,610.6445313,338.6214905,0.714048982,586.1554565,354.3623352,0.753254235,556.2822266,363.460022,0.843954206,516.9868164,373.7884521,0.942069352
133,589.286499,293.8707581,0.966657519,551.0300903,317.3468628,0.960469306,610.6445313,339.315155,0.726119399,586.7889404,354.3623352,0.792207897,556.2822266,364.93396,0.837207496,516.6781616,374.172821,0.895204306
134,589.286499,293.7368774,0.961493552,551.7120361,319.1481323,0.970490098,612.664978,339.315155,0.716989994,588.8494873,355.0513,0.820012808,559.1179199,364.93396,0.894404233,516.6781616,374.172821,0.912862062
135,589.286499,293.7368774,0.928178549,552.6757813,320.1413269,0.98402673,612.855896,339.315155,0.490424961,588.9614258,355.0513,0.727004349,560.5534668,365.3962402,0.852206409,516.6781616,374.172821,0.936430395
136,603.7403564,293.7368774,0.864136934,562.1504517,320.1598206,0.970098734,627.2233887,338.0602722,0.5040797,596.7311401,354.2287903,0.842249691,572.6412354,365.2014465,0.945185483,538.1329346,374.7672119,0.817654729
137,607.9975586,293.2435303,0.911055088,575.3955688,320.5599976,0.944691658,631.2763672,336.9812317,0.339357853,606.6026001,353.6955872,0.754982233,581.9628296,364.93396,0.959489286,553.6188354,373.8416748,0.972198069
138,619.5448608,293.2435303,0.898286343,580.6498413,321.1365967,0.954687834,646.4625854,335.3439331,0.428890526,614.7597656,351.9425964,0.650612056,587.1830444,364.9483032,0.931689441,559.9578247,371.1033325,0.972033024
139,631.2808228,294.2386169,0.927239656,600.5687866,321.1817322,0.965363562,673.5432129,335.3439331,0.538122237,645.866272,351.9425964,0.542574584,612.4046631,365.2014465,0.632311881,578.6743774,373.7879333,0.9289217
140,636.1556396,294.2386169,0.902024388,603.1879272,323.1257019,0.948409021,683.4310913,332.0612793,0.601517558,650.510376,353.6955872,0.502224922,627.2697144,365.2014465,0.7453385,584.8017578,373.8416748,0.92172426
141,638.1533813,293.2435303,0.874177694,609.8436279,323.1257019,0.961647689,685.4058228,331.9699097,0.614822388,658.9465332,354.0349121,0.740123749,632.4570923,368.0319214,0.909715831,602.1016235,373.8416748,0.915426493
142,652.0651245,293.0716248,0.935397029,610.0836792,323.1257019,0.975477755,686.8060303,331.2177734,0.614607394,659.6517334,354.0349121,0.735183477,636.7909546,368.0319214,0.925569594,602.2475586,373.9958801,0.943130136
143,655.1116333,293.0716248,0.91472739,615.2160645,322.7226563,0.978883624,690.7298584,331.2177734,0.471462548,661.0578613,354.0349121,0.750151694,636.8446655,368.0319214,0.955503166,607.949646,374.2401123,0.954004765
144,655.6461792,293.0716248,0.952020168,617.4355469,322.6092224,0.961253166,693.951355,330.6822815,0.593405485,662.2495728,353.5766602,0.727585733,636.9519043,367.4309387,0.964615583,608.7260742,374.2401123,0.96731168
145,655.6461792,293.6309509,0.94248569,617.8197632,322.6092224,0.96861434,693.951355,330.6822815,0.58867985,662.2495728,353.5766602,0.65544641,637.3460693,367.2896118,0.968373239,609.2279663,374.2401123,0.965388358
146,655.6461792,294.1955872,0.957948506,617.8197632,322.7226563,0.965575099,693.951355,330.6822815,0.572971642,662.6273193,352.7653198,0.700519025,637.5953979,367.2896118,0.969462633,609.3013916,373.8919983,0.963738918
147,655.1370239,294.6528931,0.960977912,617.7316284,322.743988,0.954646945,693.9202271,330.6822815,0.640250742,662.6273193,352.7653198,0.68934083,637.5953979,367.4309387,0.971525311,609.5402222,373.8919983,0.959759772
148,653.583374,294.8408813,0.936637163,617.7316284,322.743988,0.955390751,689.7401733,330.6822815,0.465464324,665.678772,351.4313965,0.74570775,637.5953979,367.5917053,0.972975373,609.6102905,373.8919983,0.97386384
149,653.3796997,294.8408813,0.951525748,617.4038696,322.743988,0.94247669,688.7524414,329.3392944,0.482034951,665.7207031,351.3852234,0.752331436,637.5953979,368.0176697,0.975031793,609.7489624,374.272522,0.975754201
150,652.4536743,294.7211304,0.92716825,616.7766724,322.6538696,0.965652823,688.2294312,325.7711182,0.542512,665.7207031,350.5968628,0.658855081,637.498291,368.0176697,0.971266448,609.7489624,375.3877869,0.965821028
151,651.6193237,294.6528931,0.924437463,616.5877686,322.6345215,0.965316117,688.2294312,325.4187622,0.568107128,665.8026733,350.5227356,0.654800415,637.498291,368.0176697,0.970675945,609.7489624,375.3877869,0.966215849
152,651.2911377,293.9660645,0.89401412,616.2509766,319.433075,0.96280092,688.2294312,325.1609192,0.568377435,665.8491211,350.1468506,0.612941682,637.498291,367.0908203,0.975475669,609.6102905,375.4355164,0.96856755
153,651.1843262,291.9545898,0.743842244,615.7115479,318.0629272,0.954011917,699.4056396,323.898468,0.663924754,674.986145,349.5053406,0.678078294,642.9819336,364.6472168,0.911968291,609.4963989,375.7824097,0.981569707
154,651.1843262,291.9545898,0.726222634,615.6282959,318.0629272,0.946772993,699.4056396,323.150116,0.661579967,674.986145,349.5053406,0.652394235,643.4058228,364.6472168,0.937037766,609.0975952,376.3573914,0.975788593
155,651.1843262,291.5019226,0.740641952,615.6282959,318.0629272,0.944437683,699.473877,323.150116,0.535079122,674.986145,349.5053406,0.61321795,643.4058228,364.6472168,0.9415254,609.4963989,376.3573914,0.975773335
156,651.3935547,291.9545898,0.702426195,615.5310669,319.4064331,0.943694592,699.4056396,323.150116,0.647176683,674.7449341,349.6449585,0.640408218,643.0192261,365.2044678,0.931212783,609.4963989,376.6005554,0.967636466
157,652.7052002,291.9545898,0.791742384,615.5717163,319.5884399,0.949260116,699.4056396,323.8746338,0.694126904,673.8040771,349.9841919,0.68321234,642.9819336,366.1311646,0.937853992,609.0975952,376.6104431,0.961437345
158,654.3850098,291.9932556,0.894745708,615.4190674,320.3173218,0.940339684,699.1258545,328.1305237,0.660089433,673.453064,349.9841919,0.699727774,642.7322388,366.2867126,0.959592938,608.9494019,376.6104431,0.957043946
159,654.3850098,291.9932556,0.871631145,615.5717163,320.3360596,0.944313049,698.3201294,328.7507019,0.652693152,673.3986816,349.9841919,0.654721975,642.6150513,366.5461121,0.947550237,608.6811523,375.3424377,0.94993645
160,654.6658325,292.5036621,0.876268625,615.515625,321.1271973,0.949446201,694.6246338,329.5987244,0.554589748,669.2955322,349.3327026,0.656253695,641.5464478,367.29245,0.955533922,606.289978,375.3424377,0.952040613
161,654.9355469,293.2175293,0.879672885,615.5717163,321.5163269,0.949048698,694.2600708,329.7323303,0.515638828,669.1115112,349.3327026,0.668144882,641.5131836,367.9441833,0.965857387,606.0912476,375.1878357,0.950578928
162,655.2267456,293.2175293,0.8793993,615.6222534,322.0137634,0.950678647,694.2600708,330.7990417,0.582441211,669.1115112,349.3327026,0.703651667,641.2507324,368.5397034,0.963292658,606.0806885,375.1878357,0.943496943
163,655.6490479,293.4208679,0.872255504,615.9420776,323.1395569,0.953699052,694.2600708,332.0802612,0.577012897,669.1115112,349.6835632,0.633444667,641.2507324,368.7346191,0.958191574,606.0912476,375.2775879,0.943649471
164,655.8724976,293.4208679,0.862492442,616.5984497,323.1395569,0.946588516,699.8264771,332.3701782,0.519464135,669.4274902,350.0916748,0.623636663,641.3458862,368.7346191,0.954440951,606.0912476,375.1878357,0.951736867
165,655.888855,293.4208679,0.810171068,619.4138184,323.1395569,0.924423754,703.7737427,333.3089905,0.584005356,671.569519,350.1974487,0.538166165,641.3458862,368.7346191,0.967990816,608.3903809,375.0336914,0.963054597
166,656.3023071,293.4748535,0.849809229,622.7003174,321.7311401,0.910106599,703.7737427,333.7731934,0.633486032,677.1873779,351.0919495,0.642467797,643.2342529,368.1338806,0.968220055,609.706604,375.0055847,0.972877324
167,668.8268433,294.0198364,0.91330868,626.6596069,320.0099487,0.924401641,703.8179321,333.8392639,0.685037732,677.8004761,351.3631287,0.663502216,644.6521606,367.418396,0.961053014,610.4967041,374.8118286,0.971756041
168,671.25354,294.0198364,0.933839858,632.1920166,319.9327087,0.950158,705.6253662,333.9269104,0.718260944,678.0056152,351.3631287,0.748456895,648.4498901,366.1376648,0.928766131,617.7886963,374.1270142,0.974530816
169,672.8985596,293.6531067,0.960746825,634.9377441,319.0761108,0.939603031,707.1289063,336.0588684,0.662030041,678.3788452,351.0919495,0.771788955,648.5314941,365.6521912,0.947212398,618.2056885,373.9781799,0.982435584
170,675.786499,293.6531067,0.969854474,643.9885864,318.1184387,0.936327517,708.9359131,336.0588684,0.661840737,680.7600708,350.4605408,0.776446462,652.1408081,365.4190369,0.914876819,621.0987549,373.9781799,0.98006779
171,677.1412354,293.6531067,0.973632455,644.5645752,317.6042175,0.963511109,710.5488281,336.0588684,0.672035396,682.8828735,350.4230042,0.800496459,655.6394043,364.9768982,0.945951343,622.1727905,373.9781799,0.977272451
172,678.5205688,293.4682617,0.972047865,645.7453613,317.4593201,0.962939858,710.5717163,336.2445068,0.653144002,684.4314575,350.3632507,0.811681151,657.2073975,364.6602478,0.969551742,623.6104126,374.2286682,0.967873216
173,680.2203369,293.4326477,0.965492964,646.4348145,317.2594604,0.961526513,714.7322998,335.7463684,0.676292419,684.5085449,350.3036194,0.832111299,657.8967896,364.6602478,0.971145391,623.6104126,374.2286682,0.969872117
174,681.993042,293.3287964,0.975295007,647.1577759,316.6191101,0.966615379,714.7322998,335.7463684,0.625423253,684.6694946,350.3036194,0.846878707,658.0258789,363.7717285,0.97297138,623.9477539,374.3700867,0.970702827
175,684.4141235,292.6818848,0.971654117,648.3703613,316.4566345,0.961239219,715.7435303,335.6781311,0.651415467,685.4180908,349.6750183,0.823086679,658.0315552,362.6493835,0.967755854,623.9477539,374.3700867,0.965911806
176,684.5645142,292.5032043,0.962930262,648.4421997,316.4215393,0.962634563,716.7355957,335.6781311,0.633075356,686.3097534,349.4736023,0.797880232,658.7195435,362.1692505,0.960007548,623.9346924,374.0597229,0.968375504
177,684.7526245,291.9529419,0.963299692,648.9423218,316.4215393,0.963272095,716.9091797,335.0374756,0.628856242,686.7247925,349.4736023,0.749340475,659.0158691,362.0592041,0.940440297,623.7032471,373.9867859,0.959978938
178,684.7526245,291.9389648,0.96027559,648.9423218,316.6191101,0.964012384,721.7363281,334.2118835,0.602136672,687.0149536,349.4736023,0.762681007,659.6795044,361.8755493,0.954923511,623.9346924,373.5045471,0.960148692
179,684.7526245,291.9265137,0.952063501,648.9423218,316.6324158,0.966483831,721.8134155,334.0074768,0.58720988,687.5199585,349.4460754,0.755392194,659.8417358,361.7947998,0.952769458,623.9346924,373.5045471,0.958812714
180,684.7526245,291.7338562,0.94705981,648.8982544,316.6324158,0.962603807,723.1045532,333.9982605,0.538159311,688.1639404,349.4460754,0.697708368,659.8417358,361.7947998,0.952323616,624.197876,373.5045471,0.957365155
181,687.8140869,290.9804993,0.947674155,648.7022095,316.6324158,0.965368748,723.1045532,333.6265564,0.569534838,688.1639404,349.476532,0.687075615,659.8417358,361.8755493,0.963408649,624.197876,373.6524048,0.95967555
182,688.0813599,290.0483093,0.944395363,648.6430054,316.3991089,0.963569283,723.1045532,327.859314,0.539260149,688.1639404,349.2643433,0.711216152,659.5028687,362.0750427,0.960768998,624.197876,373.6524048,0.963321924
183,688.3519287,290.0483093,0.953826189,648.6130981,316.3735046,0.970414698,720.0802002,327.859314,0.60902679,687.0148926,349.2643433,0.780021131,658.4135132,362.5954285,0.957496941,623.7580566,373.6524048,0.961873114
184,688.3519287,290.0483093,0.955291152,648.5487061,316.3631897,0.970870376,718.855957,327.859314,0.530820131,686.9602051,349.2643433,0.742385447,657.9124146,362.6654968,0.954228103,623.4451904,373.625061,0.964385271
185,688.3519287,290.1470032,0.946832478,648.3307495,316.3631897,0.970362782,718.855957,327.859314,0.551480412,686.8997192,348.4271545,0.75142318,656.3024902,362.8165283,0.934346676,623.0576782,373.6053772,0.971759796
186,688.3519287,290.174469,0.952018023,648.2508545,316.3631897,0.970709801,719.6291504,327.8945923,0.506380439,686.805481,348.4271545,0.721633136,655.7439575,362.8380737,0.922573626,623.0576782,373.5710449,0.972161293
187,687.7918701,290.1824341,0.951408982,647.9445801,316.3631897,0.970697403,718.855957,328.1524048,0.488176405,686.7329712,348.4271545,0.682545483,655.4584961,363.4548645,0.90610522,623.022522,373.5710449,0.966172099
188,683.5352783,290.7891541,0.934539258,647.1293335,316.9768677,0.960123599,718.855957,333.3883362,0.442433506,686.5469971,348.4810791,0.677299619,654.3833008,363.7680664,0.920497537,622.9420166,373.3683472,0.971448541
189,682.4985352,290.8885498,0.928050339,645.8885498,317.9078064,0.949631274,718.7688599,334.6763611,0.467867345,686.3702393,348.5545349,0.689505279,653.4449463,363.9457703,0.959261119,622.9420166,373.3683472,0.975138426
190,682.4985352,290.8885498,0.925594211,645.8885498,318.2351074,0.954422295,718.7688599,334.7189026,0.530905306,686.1467896,350.6078186,0.680600047,653.2356567,364.325592,0.949966013,622.8226318,373.2335205,0.977972865
191,682.4985352,290.8885498,0.905264497,645.8885498,318.3882446,0.945212781,718.3798218,334.7189026,0.382938087,685.4891968,351.3436279,0.722343802,653.2145996,364.7159424,0.969787121,622.8151245,373.1220703,0.980207026
192,681.47052,290.9929504,0.916223049,645.8423462,319.2788696,0.953009307,718.3798218,334.7189026,0.476638347,685.4481812,352.0197449,0.776842296,653.1838379,364.9565735,0.978377283,622.6786499,373.0148315,0.981462359
193,683.7346191,291.4859009,0.930919468,645.9102783,319.3882446,0.941935658,718.6850586,334.5090027,0.561425626,684.2817383,352.0197449,0.839481115,653.1838379,364.9565735,0.984516799,622.8151245,372.9645081,0.980413616
194,683.7346191,291.4859009,0.945536673,646.4118042,320.1361694,0.961790502,718.6850586,334.0939636,0.648715973,683.8961792,352.0197449,0.839040816,653.1838379,365.1478882,0.9879691,622.8226318,372.539917,0.982022762
195,683.7346191,291.4859009,0.912957907,648.2557983,320.493042,0.975350678,718.3798218,333.0552368,0.714998305,683.8961792,352.0725098,0.803524554,654.1060181,365.6437378,0.954416096,623.4053345,372.539917,0.972214758
196,683.7346191,291.2461548,0.931790233,655.076416,321.0773621,0.972970068,716.6673584,333.0552368,0.749526143,684.2817383,352.1299744,0.855770767,656.6181641,365.7445068,0.979598403,627.4926758,373.0148315,0.983297825
197,685.2687378,291.2461548,0.944528759,655.076416,321.2791138,0.98178798,716.6673584,333.0552368,0.723971367,684.8944092,351.2028503,0.893417895,658.3247681,367.5867004,0.976095736,633.4234619,373.4589233,0.969839633
198,685.4147339,291.2461548,0.955206931,655.1556396,321.2791138,0.981579363,716.6673584,332.943512,0.758521855,685.8737183,351.0853271,0.899851024,658.8213501,367.5867004,0.9803738,634.2147827,373.5322266,0.978838027
199,686.427063,293.1657104,0.946429729,655.1556396,321.2791138,0.977518439,724.2320557,326.4198303,0.566824973,689.4490356,351.2756653,0.745109975,665.3599854,367.5867004,0.943514764,636.7720947,373.7389832,0.966350853
200,686.7131958,293.1657104,0.944614112,655.6084595,321.2355652,0.972758234,724.583313,326.4198303,0.629106283,689.6148071,351.0853271,0.748943388,665.7391357,367.4707947,0.945558906,637.4093628,373.6525269,0.963438988
201,686.8347778,293.1657104,0.940712392,656.2915039,321.2355652,0.969537377,731.6311035,326.4198303,0.77654469,699.1829834,350.962616,0.680346608,670.8467407,367.4707947,0.959347785,641.4539185,373.6525269,0.949466527
202,687.776001,292.6427307,0.936941803,656.9641724,320.4233093,0.970784903,731.6311035,327.3661499,0.75884068,700.8236084,350.9334412,0.726303875,672.2286377,366.929718,0.969954729,642.8623047,373.6525269,0.964446425
203,687.776001,292.6427307,0.960503042,660.1555786,319.6502075,0.968838871,731.7852173,327.3661499,0.699791729,701.9921875,350.3461609,0.790578723,673.9405518,366.7704468,0.977239907,644.0036621,372.7762756,0.980019391
204,689.8513184,292.4547424,0.933423698,660.7016602,319.5763245,0.962444782,731.8422241,327.3661499,0.851749003,702.1708984,349.3457336,0.84222126,674.0162964,366.2315369,0.984191895,644.2849121,372.7523499,0.973285437
205,696.7245483,292.6427307,0.885242999,660.8563232,318.5477295,0.966024339,731.8422241,327.3661499,0.784572721,702.7866821,349.3457336,0.828938127,675.4658813,366.1657715,0.979898691,644.3910522,372.1607971,0.967307568
206,698.4525146,292.4547424,0.95113492,663.2949219,317.3587036,0.970025003,732.6713867,327.258728,0.82553333,703.0811157,348.8526001,0.798212051,675.4658813,365.2913513,0.976705611,644.616333,372.1607971,0.962692261
207,700.3804321,292.4547424,0.961246252,665.4267578,317.3587036,0.961077034,732.9813232,327.258728,0.814018667,705.5872192,348.8526001,0.772882104,676.7168579,365.2359314,0.972993076,645.7305908,371.7716064,0.961522818
208,715.2389526,292.4547424,0.93769002,676.5715942,317.3587036,0.948653936,749.0292358,328.500061,0.822003901,720.9071655,348.8526001,0.751104116,684.7954712,365.2359314,0.945141435,654.1920166,371.3987122,0.976885319
209,715.3152466,292.9529724,0.928369284,676.5715942,318.5691223,0.947045624,750.6362305,328.500061,0.717272103,721.9143066,346.3667908,0.724110425,688.4326172,365.2913513,0.936591446,654.3153687,370.4936829,0.971198201
210,715.3152466,293.3573914,0.93937546,676.5715942,319.8981323,0.947644532,750.7271729,327.258728,0.720396817,721.9143066,346.3051453,0.748034358,690.381958,365.3398132,0.944748521,654.3153687,370.4936829,0.974108338
211,715.3152466,293.3573914,0.941985846,676.1449585,319.8981323,0.95039618,750.7271729,327.1831665,0.713677227,721.9143066,346.2598877,0.714676321,690.381958,365.3398132,0.947789133,654.3153687,370.4936829,0.968681753
212,715.3152466,293.3573914,0.935095668,676.1449585,319.8981323,0.952216208,750.7271729,326.9911804,0.714274883,721.9143066,346.2598877,0.700837612,690.381958,365.3398132,0.927831531,654.3153687,370.5200195,0.968140185
213,715.3152466,293.1387024,0.904083729,676.1449585,317.3847046,0.952373624,750.7271729,326.8609314,0.740942836,721.9143066,346.0966797,0.600304902,691.1412964,363.5028076,0.94217515,654.3153687,370.5200195,0.981295884
214,717.3126221,292.7750549,0.907728016,679.8035278,317.3173218,0.955119431,752.2034912,326.8609314,0.524118841,724.0863647,346.2598877,0.702657163,691.2961426,362.5009155,0.919253707,655.7548218,370.5200195,0.979636967
215,719.939209,291.4129028,0.898809969,683.8876953,317.3173218,0.922035098,764.1138306,326.9911804,0.547138751,736.0712891,346.8178406,0.652055919,705.3731689,362.5009155,0.954700053,661.1647949,371.6250305,0.967882037
216,733.31073,290.510437,0.941434026,691.229248,317.3173218,0.944755316,766.3153687,328.1300354,0.695581496,738.0525513,347.1881409,0.690868318,712.4041748,363.5028076,0.962965906,669.229126,371.6250305,0.955826461
217,736.8353882,290.3226929,0.928999364,699.6858521,316.725708,0.926277876,780.0620117,328.1300354,0.736668527,752.6273804,347.1881409,0.737934351,732.6627197,364.9303589,0.864602923,700.1434937,373.145813,0.897301733
218,736.8353882,290.3226929,0.922123194,704.0632935,316.725708,0.916733503,780.0620117,328.6231079,0.805544198,752.6273804,350.1984558,0.802073598,732.6627197,364.9679871,0.824443996,700.1434937,373.8154907,0.915473104
219,737.5714111,290.510437,0.931023538,706.7190552,319.9638367,0.922353446,781.2086792,328.6231079,0.762796104,753.7233276,350.5578003,0.808571756,732.6627197,366.0961609,0.904002666,700.1434937,373.8154907,0.936965704
220,737.9057617,289.960083,0.900320292,706.7877197,319.7944031,0.97138226,781.6657715,331.17099,0.83857429,754.699646,351.4021301,0.722185194,732.296814,365.1447754,0.96163106,700.1434937,373.4729309,0.949629486
221,737.9057617,290.0055237,0.860581279,707.2654419,319.7944031,0.971916735,783.6694946,333.4561157,0.800276697,756.6237793,351.4021301,0.784638345,732.296814,365.1447754,0.936763525,701.8820801,373.145813,0.919625938
222,762.6330566,292.4596252,0.882736862,714.3900757,319.7944031,0.96522671,790.0512085,333.955719,0.764567494,762.9465942,351.4021301,0.790636837,732.296814,365.1447754,0.948496401,704.7036133,373.0154724,0.953272164
223,764.3616943,292.2654419,0.92247045,720.9229736,318.301239,0.948114872,790.6889648,334.7788391,0.626485705,763.9439087,351.1342773,0.835412085,733.7988281,365.0064697,0.965681136,707.0592041,372.3353271,0.977584422
224,768.5812988,290.8143616,0.950860262,727.6038818,318.2533875,0.960046172,798.3334961,335.4226685,0.767705262,768.9187622,351.1342773,0.65926981,739.0418701,364.8729248,0.852342725,708.928833,371.4308777,0.961865485
225,769.5522461,290.8143616,0.9619326,728.7860107,318.1183472,0.954077661,803.3374023,335.4376526,0.729299963,771.4797974,351.1342773,0.509254694,739.9313354,364.1194458,0.805983245,709.0376587,371.3579712,0.947740138
226,783.1878052,292.2654419,0.940392137,738.5374756,318.1183472,0.937793851,805.6760254,335.9233398,0.685007513,773.6785889,351.1342773,0.691949069,744.0917358,362.3566589,0.888910234,713.4696045,369.6568604,0.863142014
227,788.1134033,292.2654419,0.904445767,744.2424927,318.2533875,0.954758823,819.8936157,337.2295532,0.68008852,786.2466431,351.4179077,0.555336237,749.1943359,361.5234985,0.707613647,724.7565918,368.5119324,0.846626818
228,801.0808105,292.06427,0.973748028,763.1983643,318.2535095,0.951472402,828.1135254,337.2412109,0.622245193,791.5672607,351.4179077,0.71939677,765.2214355,359.7321472,0.891136467,741.4104614,368.1102905,0.883275747
229,803.0474243,293.3638916,0.967456102,763.2371826,319.2390137,0.950426936,828.9502563,337.5299683,0.596122384,792.7799072,351.860321,0.755754828,765.8638916,359.565918,0.900967717,741.9539795,368.1102905,0.916200221
230,822.1915894,294.6587219,0.963922441,778.5296631,319.2390137,0.926193774,850.4969482,337.7015686,0.695685029,814.2887573,351.860321,0.67013067,778.0841064,359.565918,0.884417415,742.7915039,368.098114,0.913573742
231,834.8314819,295.9675903,0.954841256,790.7601929,319.6839905,0.962829769,860.0665894,337.8165588,0.720585465,823.3497314,352.286377,0.488514036,781.7148438,359.7321472,0.72518456,748.1641235,368.1102905,0.868467987
232,841.0752563,295.1684875,0.961872101,794.8900146,319.6839905,0.94653219,869.1766357,338.2361145,0.752988815,842.7775269,352.6308594,0.702475667,812.3568115,364.4154358,0.887079239,752.9369507,369.7192383,0.69643575
233,841.4215088,295.1684875,0.96660316,795.1277466,319.2390137,0.936088502,873.8009033,341.7713013,0.865282059,847.5283813,358.2546997,0.748755932,816.2545776,364.4616089,0.885074854,783.7700806,371.1843262,0.947181165
234,841.9962769,295.1684875,0.955857873,799.8146362,320.1538391,0.95429039,873.8009033,342.9336548,0.845113158,847.6054688,358.2546997,0.736212492,820.2129517,366.9463196,0.820186198,784.0315552,371.1843262,0.879432619
235,844.355957,294.1762085,0.904045582,801.4835815,320.3336487,0.925706923,873.8009033,344.9060669,0.879016697,847.7123413,358.2546997,0.691324055,820.901001,366.9463196,0.794992328,786.8884888,371.1843262,0.891328633
236,846.4054565,294.1762085,0.896186709,807.0098877,321.8634033,0.966691017,874.409668,344.9060669,0.895670533,847.8364258,356.8019409,0.700299442,824.3555298,366.5371704,0.831138015,788.7033081,371.1363525,0.912466764
237,849.7857666,294.1762085,0.91340065,808.7744751,321.8634033,0.970790923,874.409668,342.9336548,0.828839302,850.9893188,355.3324585,0.651971102,825.9086914,366.5371704,0.758966386,789.5078735,370.7512207,0.830583394
238,852.7124634,294.8394775,0.930206001,816.1796875,321.8634033,0.904912293,880.8791504,342.1065063,0.809686601,856.7111206,354.8546753,0.592106283,828.4210815,366.2632141,0.817303479,798.8557129,370.609436,0.821604073
239,853.473877,295.1014404,0.935559452,817.098999,321.9162292,0.93051666,880.9238281,342.0830383,0.84729296,857.3690796,354.8546753,0.61124742,829.1125488,366.2632141,0.84794414,798.9802246,370.609436,0.731661677
240,857.7650146,295.4240112,0.895786703,821.1905518,321.9880981,0.952234745,881.7628784,341.610199,0.826776564,857.9997559,355.3324585,0.685586751,829.4958496,366.2632141,0.924621761,799.1517334,370.175354,0.837344289
241,862.7034912,295.4760132,0.894525588,825.088562,321.5793762,0.967741907,892.5742188,341.5899353,0.723360658,863.663147,355.0881348,0.766870141,841.848999,366.2166748,0.871047378,810.1999512,370.1087036,0.896988928
242,863.5195313,295.7870789,0.866571188,825.6588745,320.7576904,0.960365653,894.0096436,341.4977417,0.739141881,864.4625854,355.0881348,0.766292095,841.848999,366.2166748,0.891167819,810.1999512,369.0504456,0.929100335
243,869.3078613,295.7870789,0.843432844,826.4133911,320.7576904,0.955284238,894.4546509,341.46521,0.73630929,864.7008057,355.0881348,0.765017092,841.9091187,365.5910339,0.899301946,810.2761841,369.0504456,0.901083171
244,872.828064,295.7870789,0.854917526,826.6555786,320.2284851,0.951770544,894.4546509,341.4104309,0.706708014,865.2484131,354.8239441,0.797048569,842.4138794,365.0467224,0.919939995,810.5606079,369.0504456,0.940152407
245,872.828064,295.7870789,0.855540812,826.7730713,320.2284851,0.941748261,894.4735718,341.4104309,0.695770025,865.4575195,354.6170959,0.826177776,842.1477051,365.0467224,0.947732151,810.7634277,369.0504456,0.912670434
246,873.1210938,295.9872437,0.83920604,826.8344727,320.2284851,0.948256135,894.5612183,340.9028015,0.744563639,865.9252319,354.2210693,0.841302395,843.0908203,365.0467224,0.94411552,811.2765503,368.8692932,0.941669106
247,873.1210938,295.7250977,0.84208107,826.9992676,319.8244019,0.950657368,894.9099121,340.8995972,0.692139685,866.744812,354.17276,0.747112274,843.6608276,364.6923218,0.88229084,811.3648071,368.8692932,0.925079226
248,869.5566406,295.7250977,0.848567009,826.9992676,317.9706116,0.925318658,894.9099121,340.8339539,0.713932514,868.0955811,352.8656921,0.825371861,845.161499,364.2772217,0.947962344,811.5957031,368.2922363,0.841063797
249,869.5566406,295.9872437,0.896447778,832.8815918,317.4119568,0.9259516,895.7749023,339.6899414,0.714074492,871.3233032,351.629303,0.809877694,849.5046387,364.2772217,0.974325955,817.7203979,368.2922363,0.888292491
250,874.5270996,296.0132141,0.91910851,835.112915,316.6011658,0.955984116,900.1002197,338.9762268,0.471468985,877.0662842,349.8781128,0.769621074,852.2457275,362.3883362,0.969936788,823.7468262,368.2922363,0.812881052
251,875.520752,301.3270569,0.859710753,843.5230713,316.6011658,0.946722269,924.2730713,337.51297,0.559901536,887.4835815,349.5851135,0.633577347,853.5029297,362.3883362,0.810379088,827.8889771,370.0542297,0.886618733
252,881.2961426,301.5156555,0.784832537,852.9549561,317.4119568,0.922017395,930.3193359,337.51297,0.564656377,894.3758545,349.2691345,0.513385832,858.3570557,362.4209595,0.932487011,828.0773926,371.2301636,0.940594971
253,882.6384888,301.5156555,0.715388715,856.7513428,318.2205505,0.945819795,939.4036865,337.1279602,0.771848917,902.6251831,349.8781128,0.40450421,862.1531982,363.7343445,0.927341282,830.194519,371.2536621,0.932481825
254,883.944519,301.5156555,0.765424848,858.906189,320.6160889,0.943673491,939.5936279,336.8437805,0.772862613,908.1965332,349.2691345,0.347285777,862.1531982,363.7343445,0.90984118,835.0064087,371.747345,0.943650901
255,913.8279419,299.1048584,0.71601963,874.7057495,320.9017029,0.913644075,956.8475952,335.5161438,0.671846151,937.8551636,349.2691345,0.492506683,913.9265137,366.1164246,0.483969063,859.5023804,373.0801392,0.688211679
256,926.6382446,299.1048584,0.852685213,884.6331177,320.9017029,0.919434369,965.4464111,334.3995361,0.499105424,939.5654297,350.2886658,0.682402074,914.3796387,366.1164246,0.882041514,879.5549927,373.8242798,0.834900618
257,928.4056396,299.1048584,0.823847353,890.8040771,320.8170776,0.902042329,973.8510132,333.9535522,0.748176217,946.4802856,350.4595032,0.723377526,919.9811401,366.1164246,0.820270419,884.2532349,374.2237244,0.957365811
258,928.8210449,299.3270874,0.882550538,899.5875854,320.8170776,0.929759026,979.3606567,333.9535522,0.722198248,950.3391724,351.6214905,0.528371692,921.7974243,366.1164246,0.80803889,885.7147827,374.2237244,0.970931411
259,928.8210449,299.6664734,0.899279952,900.987793,320.9391174,0.952118754,981.0778809,334.3995361,0.769540668,950.8516846,351.7118225,0.567287743,922.1455688,366.1164246,0.929034173,890.4926147,374.2237244,0.970085263
260,928.7590942,299.7685852,0.891478419,904.4038086,320.9391174,0.957499921,984.4490356,334.4259033,0.780721009,952.2958374,351.6214905,0.628945649,931.977356,367.2394104,0.639975905,899.753479,374.2237244,0.741440833
261,928.7590942,299.7685852,0.892806888,904.4038086,321.4339294,0.952799261,984.7734985,334.4565125,0.793791711,952.5597534,351.3382874,0.558772743,931.977356,367.6168213,0.759757042,899.753479,374.3809509,0.788795531
262,928.8210449,299.7685852,0.89477098,904.6743774,321.5172119,0.953769088,984.7788086,335.1135254,0.850367308,953.2366333,351.3382874,0.567248881,933.2034302,367.6168213,0.648232639,899.8131104,374.4431763,0.765630126
263,931.2196655,295.520874,0.929959834,904.9824219,321.4339294,0.952789187,985.1915283,336.1455383,0.768009663,953.7789917,351.0173035,0.53608954,933.4974976,367.6168213,0.661360264,899.8131104,374.4431763,0.818733215
264,945.7687378,294.9424744,0.960405469,907.0271606,321.4339294,0.946131825,989.0369263,336.5505371,0.688257515,956.9783325,350.6567078,0.542966068,940.144043,367.3476257,0.538511753,899.6572266,374.3809509,0.483933717
265,946.9866943,294.72229,0.943309844,910.7857056,319.5291748,0.915370822,990.4671021,337.2521057,0.710886478,958.2993164,350.6567078,0.538156092,941.3818359,366.8774414,0.622208774,893.5174561,371.0419006,0.556278169
266,957.918335,294.72229,0.97151494,922.2304077,318.7055969,0.945047617,996.9783325,337.5818176,0.737905622,969.6030273,350.6567078,0.449185193,945.7998657,366.8774414,0.609942794,893.5174561,371.0419006,0.535691142
267,959.4732056,294.9424744,0.968640745,923.6798706,318.506897,0.915642619,996.9941406,338.3563232,0.709911048,970.6260986,350.6567078,0.56106174,946.1063843,366.9501953,0.58984071,893.5174561,371.0419006,0.66898632
268,969.1165161,296.9836426,0.954189956,930.789917,315.4389343,0.925461829,999.2985229,339.8199463,0.686834395,970.6616821,350.7741699,0.592934906,947.5619507,366.9501953,0.688667536,914.4111938,371.807373,0.729119301
269,969.8616333,298.1131287,0.959305942,932.2415161,315.4389343,0.949598789,1000.289917,339.8257751,0.6915133,971.611145,351.2153015,0.609882712,947.7962036,366.8774414,0.630569398,915.9046021,371.9179993,0.80095762
270,972.0822754,298.1131287,0.961648166,935.55896,315.4389343,0.962213039,999.2985229,339.9182129,0.662097335,972.5368042,351.3106079,0.653409779,949.2191772,366.2133484,0.647421062,917.1221313,372.8803406,0.856515169
271,972.0822754,298.1131287,0.957741797,936.3267212,315.9761353,0.949151099,999.2985229,340.071106,0.68389672,972.5368042,351.9420776,0.643988609,949.2191772,365.981842,0.612995982,917.3408203,372.8803406,0.80273968
272,972.0822754,298.1307678,0.972535431,936.3267212,317.0760193,0.941755831,998.1362915,340.0740662,0.655281246,972.5368042,352.4656677,0.671520591,949.2191772,365.981842,0.665469587,917.3408203,372.7993774,0.864262164
273,972.0822754,297.9302063,0.973420441,936.7055054,317.0760193,0.941348255,998.1362915,340.2313538,0.645726264,971.8969116,351.9420776,0.658383846,948.1830444,365.9364319,0.649081707,917.3408203,372.7993774,0.829328477
274,972.0822754,297.5258484,0.96669513,937.1592407,317.0760193,0.940216184,998.1362915,340.0740662,0.64586401,971.8969116,351.3106079,0.69855088,947.8196411,365.8766174,0.688985765,917.3408203,372.7993774,0.859910309
275,983.06427,297.5258484,0.964488983,937.9435425,316.218811,0.943314135,1001.545898,340.071106,0.776278555,971.8969116,350.9695435,0.669775963,946.7219849,365.2164307,0.651836514,916.6253052,372.7993774,0.865535498
276,990.0966797,296.7851257,0.894497693,943.0511475,315.6657104,0.941572368,1016.07666,339.9480286,0.739460349,986.5160522,350.4322205,0.322894543,946.7219849,360.0201721,0.796105146,916.6253052,372.6990662,0.746106803
277,990.0966797,296.7851257,0.894254386,948.4078979,314.3948059,0.965063632,1018.942749,339.9480286,0.779108107,986.5160522,350.3020325,0.231230006,948.1830444,359.9094543,0.700394273,917.3552856,372.163147,0.728154838
278,990.4190063,297.6114502,0.905490518,948.8890381,313.4713135,0.961618841,1019.002869,339.9480286,0.781911314,986.5160522,350.1992493,0.226449504,950.5805054,359.7922668,0.704869211,921.0806274,371.9013977,0.766618073
279,990.4190063,299.0282288,0.888371527,952.9486084,313.4438171,0.974505305,1022.440491,340.0574646,0.705183506,987.9180298,347.5395203,0.187770754,951.0023804,359.7922668,0.740517378,923.4086914,370.9526062,0.868169963
280,990.9502563,299.9998779,0.918615222,956.1124878,311.7916565,0.957580864,1035.116333,340.3591309,0.682215273,988.3453369,347.5395203,0.198604912,955.9275513,359.7922668,0.869593501,926.4578247,370.9526062,0.927277803
281,994.0368042,299.9998779,0.923035145,960.9257202,311.7916565,0.950160861,1037.349976,340.3591309,0.69814986,988.6972046,347.5395203,0.243828699,959.7806396,359.8471375,0.866398036,927.5926514,370.804718,0.877368152
282,996.9158936,299.9998779,0.897395194,962.5136108,311.4710388,0.956819415,1037.654541,340.3591309,0.709515989,1015.079041,351.6921692,0.232751518,964.467041,361.4684753,0.863614976,935.769043,370.804718,0.84872216
283,997.0605469,296.5466614,0.934783399,965.7218018,307.0256653,0.968331099,1038.263672,340.1238708,0.782011449,1016.574219,351.9622192,0.343151659,969.2095947,362.5267029,0.786306977,1138.122314,370.804718,0.641235232
284,1002.402771,296.5466614,0.933788657,965.8601074,307.0256653,0.969599009,1038.950562,339.4588318,0.732109725,1018.283752,351.9622192,0.412114441,974.7348633,362.7818604,0.733384073,1138.122314,370.804718,0.795610487
285,1002.887451,296.5466614,0.937821269,966.5139771,307.0256653,0.970052361,1039.118652,339.2289124,0.783897877,1018.659973,351.9622192,0.41037333,975.0692749,362.7818604,0.749301195,1138.095093,370.7269592,0.77967602
286,1002.887451,297.1455688,0.903143466,967.0916138,307.8704529,0.958735526,1041.114258,339.035614,0.645446718,1020.257385,351.9622192,0.374206394,975.0692749,362.5267029,0.740126908,1138.095093,370.7269592,0.768370986
287,1002.402771,297.3228149,0.90420711,968.6358032,310.7850952,0.959272563,1051.495972,337.967865,0.648926198,1024.746704,352.8739319,0.466959089,977.737915,362.7818604,0.890010834,1135.605225,370.7269592,0.855537176
288,1001.200989,303.0678406,0.888863146,969.0534668,314.0184937,0.974840581,1053.671631,337.4497986,0.707310975,1028.67041,353.5298157,0.562212884,985.0839844,363.5513916,0.67436862,1135.40979,370.1164551,0.850803316
289,1000.784973,303.0841064,0.890074611,969.8042603,314.6698303,0.968257129,1060.015991,336.7578125,0.597891867,1030.221558,353.5298157,0.475975394,1010.233887,365.8748474,0.674215376,1134.5354,370.8489685,0.81243366
290,1000.252991,304.8508301,0.89341557,971.7616577,318.3112488,0.929976344,1060.080444,335.9033203,0.665802598,1031.046021,353.5298157,0.302254438,1010.233887,365.8748474,0.493081421,1134.5354,371.0091248,0.685513079
291,1000.252991,304.8989258,0.868246257,975.5378418,319.3662415,0.90700835,1060.080444,335.9033203,0.679245651,1031.046021,352.9580994,0.313694239,1010.233887,365.8748474,0.548920572,971.0114136,371.4638977,0.692781568
292,1000.252991,304.8989258,0.836273909,976.2526855,319.3662415,0.903724849,1060.015991,335.9033203,0.707200706,1030.588013,352.9580994,0.414999336,1004.10199,365.6795044,0.591599643,970.9893188,371.5466309,0.697399795
293,1000.252991,304.8508301,0.824003458,976.4875488,319.3662415,0.90759182,1059.830688,336.0472107,0.701623917,1030.588013,352.9580994,0.471907258,1002.733765,365.6795044,0.735978007,970.9893188,371.5837402,0.845333636
294,1001.845581,303.7819824,0.85934782,976.4875488,320.1468811,0.929243922,1058.365112,336.5630798,0.765765131,1030.311157,353.9849243,0.507872343,1002.733765,365.6795044,0.79602474,970.9893188,371.6707764,0.854813159
295,1002.211121,303.5999451,0.859633744,976.4875488,319.8625488,0.932374477,1058.229248,336.6274719,0.746773303,1029.525391,354.2655029,0.579544067,1002.733765,366.1499023,0.874923289,971.2901611,371.9229126,0.926645756
296,1015.316345,297.9687805,0.956366479,974.6674194,318.4645691,0.943171382,1054.177246,337.8487854,0.746559918,1029.525391,354.384613,0.397073716,1005.752197,366.1693115,0.693644524,971.2901611,371.9229126,0.771910548
297,1016.995911,297.8186646,0.94128406,974.6674194,318.4645691,0.949657142,1054.177246,337.9035034,0.734256625,1030.311157,354.2655029,0.474245518,1006.377319,366.435791,0.638173461,971.2901611,371.9229126,0.682380378
298,1017.451965,297.8088074,0.934290886,974.6674194,317.0714417,0.930008709,1054.177246,338.2444458,0.711563766,1030.941162,354.2655029,0.449881852,1009.308105,366.435791,0.634381771,939.8208008,366.770813,0.747828484
299,1018.400146,297.8088074,0.94788307,976.2086792,316.0865784,0.927035034,1054.852295,338.2692566,0.754915476,1030.941162,353.3840332,0.404235363,1009.308105,366.1693115,0.567660213,939.8208008,366.4543152,0.836197853
300,1020.846802,296.3123169,0.954257727,980.8883057,312.5751648,0.951250017,1055.249268,338.8746033,0.754867315,1033.020752,351.8002625,0.374412149,1009.477234,364.4551392,0.476895303,939.8208008,366.4543152,0.596413255
301,1022.618774,294.3232117,0.947229803,983.9354858,310.4836121,0.955638409,1059.786377,339.3505554,0.769156456,1033.551758,350.8527527,0.407690793,1011.507751,362.003479,0.517744243,940.1115112,366.4543152,0.788331747
302,1024.310669,294.3232117,0.939636588,986.6938477,308.5831299,0.953925848,1061.245605,340.0131531,0.691623747,1034.484985,350.8527527,0.611923993,1011.908569,361.940094,0.778749764,970.2833862,366.9455872,0.878976464
303,1030.490845,294.3232117,0.916832685,994.1915283,308.5831299,0.945224702,1068.483276,340.0131531,0.687829137,1041.277832,350.8527527,0.67464149,1011.908569,361.940094,0.881905735,975.1195068,367.2628174,0.893617988
304,1031.850708,294.4828796,0.929480076,997.6469116,308.5831299,0.951290607,1069.15625,341.230835,0.738927126,1041.309204,351.8415222,0.555466413,1017.98053,362.003479,0.825047076,975.7723999,368.09021,0.887314856
305,1038.278198,298.644928,0.917219639,1003.286316,313.0198059,0.953292251,1077.561646,344.1184082,0.79539448,1049.924561,352.4180908,0.513013422,1019.219116,363.764679,0.702709377,975.7723999,369.1195679,0.749840915
306,1039.729248,298.8609924,0.900994241,1004.156067,314.5451965,0.927384615,1081.060059,344.9849243,0.831657171,1057.003784,354.330658,0.64747107,1026.724976,364.2030945,0.607716143,975.7723999,369.1195679,0.475090444
307,1047.724365,299.1393738,0.912231505,1011.731689,315.8187866,0.92933768,1085.393188,344.9849243,0.856163025,1057.04895,354.330658,0.738816321,1027.006226,364.5949707,0.736964405,974.9772339,369.1195679,0.506881237
308,1048.186401,299.1393738,0.940406382,1014.474609,315.8268127,0.955261409,1090.689331,344.9849243,0.761245847,1060.549683,354.330658,0.671053827,1030.63269,364.7533569,0.808877647,974.5574951,368.5630493,0.729187369
309,1053.379883,299.1393738,0.88794148,1017.901245,315.8268127,0.956095219,1093.11145,343.792572,0.730402648,1064.361816,352.9926453,0.658836842,1032.112305,364.7533569,0.853961587,974.5574951,368.241272,0.698479652
310,1053.856079,298.8189087,0.871628106,1017.933655,315.8268127,0.943152547,1094.196777,343.4096985,0.700383246,1065.327271,352.6819153,0.643185318,1032.411133,364.5949707,0.871805489,974.9772339,368.1697693,0.721148252
311,1054.083252,298.1686401,0.880066276,1018.480408,315.8187866,0.948201478,1094.52002,343.0720825,0.647939265,1065.715942,352.6819153,0.570742726,1032.461304,364.5949707,0.815488338,975.3623657,368.0411377,0.691067338
312,1054.378906,297.6269836,0.908109605,1018.487976,315.3769836,0.949450791,1094.704834,342.7472534,0.588099062,1066.266235,352.6819153,0.583258212,1032.461304,364.5353394,0.786258757,975.6721191,368.1663513,0.685561001
313,1055.154053,296.9644165,0.911196172,1019.380554,315.2331848,0.936000407,1099.19165,342.7472534,0.603474379,1071.019043,353.6634521,0.573231339,1036.541748,364.4203796,0.760349989,975.7012939,368.1663513,0.683342814
314,1056.844604,295.6638489,0.916155815,1020.428833,314.3368225,0.919615507,1101.635742,342.7472534,0.634213865,1073.57605,353.6634521,0.654699862,1037.337158,364.4203796,0.78170079,977.0715942,368.1663513,0.692233026
315,1057.279907,295.4675903,0.913768589,1020.512268,314.3368225,0.92152673,1103.281372,342.3332214,0.588870764,1075.023071,353.6634521,0.649124563,1039.029053,364.4203796,0.705580056,1002.777283,370.8347168,0.554332316
316,1057.414673,295.4675903,0.910133064,1020.52948,314.0368042,0.896515846,1103.346191,342.4774475,0.662718832,1075.471436,353.3346558,0.700028718,1039.029053,364.4147034,0.78450042,1003.188293,370.8347168,0.667210817
317,1065.391724,295.4675903,0.919713855,1021.238953,314.0368042,0.884133637,1104.319824,342.4774475,0.684965909,1075.4729,353.3346558,0.687224507,1039.17334,364.4147034,0.767414272,1005.213684,371.223114,0.745478153
318,1067.498535,295.4827881,0.917877197,1032.31543,313.9913025,0.91993314,1108.953247,342.4774475,0.742314041,1077.042969,353.3346558,0.714279771,1039.544678,364.2838135,0.899309695,1006.611755,371.223114,0.926561356
319,1071.84314,296.3358154,0.89809984,1036.168213,313.1266479,0.910267293,1116.53833,342.4774475,0.5807423,1086.98291,353.9129639,0.651668251,1053.22168,364.4147034,0.798968792,1006.877747,370.5242004,0.673402548
320,1081.744873,296.3811035,0.955295026,1047.004272,313.0897827,0.905824721,1120.164795,343.4566345,0.806143522,1088.027588,354.2381592,0.737725675,1059.686523,364.763031,0.7335428,1007.950989,368.9278564,0.824808359
321,1082.185303,296.7112732,0.960233688,1047.076172,313.1266479,0.922814965,1120.351563,344.0604553,0.816732407,1088.450195,354.3747559,0.723896146,1062.088989,365.1665955,0.71727562,1007.950989,368.8016968,0.841508448
322,1082.415283,296.7776489,0.960280061,1047.174072,313.1266479,0.92891258,1120.385498,344.1656189,0.804484904,1088.61731,354.4638977,0.729917705,1059.686523,365.1665955,0.726457238,1007.950989,368.7311707,0.793497205
323,1082.415283,297.0163574,0.955946982,1047.076172,314.0549927,0.930893898,1120.351563,344.3940125,0.784096241,1088.836548,354.5340576,0.735955775,1059.62146,365.1842651,0.748642266,1008.669006,368.7311707,0.715908349
324,1082.787231,296.9455566,0.949791014,1047.206055,314.5346375,0.941469729,1120.385498,344.3940125,0.811452091,1089.1875,354.5340576,0.732970357,1059.62146,365.1842651,0.74333936,1018.132751,368.4873352,0.848935306
325,1082.915283,296.9455566,0.946961999,1047.677856,314.5346375,0.943892658,1121.274292,344.1656189,0.764687479,1089.917969,354.5340576,0.704525948,1058.63916,365.1842651,0.750924826,1021.947876,368.3668213,0.835178554
326,1087.632813,296.9455566,0.908498406,1048.878418,314.5346375,0.957348406,1123.875732,342.8426514,0.743114233,1089.917969,353.762207,0.624861062,1058.63916,363.0808105,0.922051847,1022.348083,367.9985657,0.864006162
327,1098.638062,296.9455566,0.779034436,1049.617676,313.3660583,0.939552784,1130.130371,341.4923706,0.782977343,1094.069092,352.4212646,0.624934137,1058.63916,363.0808105,0.90879631,1022.348083,367.9761963,0.842757404
328,1102.629395,296.9455566,0.881278157,1065.374878,312.7843628,0.931896508,1135.994629,339.7601624,0.78289336,1107.848511,352.4212646,0.695353031,1067.399536,363.0808105,0.89271611,1039.740112,367.9761963,0.807545841
329,1103.373535,299.4600525,0.815045595,1069.234619,312.7843628,0.914306462,1140.187012,339.7601624,0.714078963,1115.344727,352.4212646,0.55563277,1076.233154,363.3349304,0.96741879,1049.512695,367.9761963,0.911643684
330,1104.518677,299.5559998,0.826735497,1072.111206,312.8323975,0.947042525,1147.134399,341.4301453,0.774175465,1120.1073,354.7194824,0.558072329,1078.638794,363.7285461,0.966033876,1051.922363,368.6377563,0.938914299
331,1104.901123,299.8999634,0.821011245,1074.751343,313.3660583,0.965249658,1148.809937,341.4301453,0.784474194,1122.759033,354.8551331,0.315687269,1082.458984,364.1539001,0.867018402,1053.085815,368.7548523,0.893641531
332,1105.050903,300.3895264,0.821356773,1076.859131,313.6309814,0.974713206,1156.421021,339.7935486,0.745379925,1135.113647,355.091217,0.408581287,1089.084351,364.4537659,0.806778669,1220.975098,374.6937866,0.835043788
333,1105.249756,302.5247803,0.839398324,1080.178223,314.5530701,0.972694337,1165.465576,340.3633728,0.832071424,1139.260132,355.091217,0.544175625,1110.45166,367.2289124,0.691464067,1220.975098,374.6937866,0.829713285
334,1105.329468,302.5247803,0.840196431,1081.482422,315.6616516,0.966298103,1165.852417,340.3633728,0.798037767,1139.779053,355.091217,0.494979352,1110.670776,367.2289124,0.637867928,1221.740601,374.8762512,0.796609044
335,1111.28064,302.5247803,0.833861828,1085.273926,315.9425049,0.919543862,1166.317505,340.3633728,0.737498224,1139.980103,354.6709595,0.628874958,1112.177612,367.2289124,0.870062053,1222.156006,374.9656067,0.852958024
336,1113.518188,301.5719299,0.88133961,1092.292847,316.1395874,0.971002102,1171.185669,343.6298523,0.735498011,1140.501953,354.6709595,0.586514056,1112.177612,367.2289124,0.938764572,1222.156006,374.9656067,0.895131111
337,1114.756104,301.3762207,0.856180489,1094.21167,316.3207092,0.968929768,1171.404175,343.7976379,0.773088217,1141.589355,354.6709595,0.634837389,1112.177612,367.2289124,0.905290365,1096.575317,370.7016602,0.89408195
338,1123.654053,300.8099976,0.791087985,1100.036377,316.3207092,0.906933606,1178.105835,345.2958374,0.870730162,1149.133301,354.6709595,0.577215552,1121.621704,367.6464539,0.911574662,1096.575317,370.8774109,0.777091861
339,1128.781982,300.8099976,0.93112886,1101.199951,316.3207092,0.930986226,1180.037354,345.2958374,0.81043762,1149.897461,354.6709595,0.530408561,1123.102905,367.6464539,0.957080841,1096.575317,370.7270813,0.951607168
340,1144.128052,300.8099976,0.941293955,1106.474731,315.7181702,0.938753188,1180.383423,346.9814453,0.632208526,1149.897461,354.3965454,0.409161717,1123.102905,367.6464539,0.932705522,1095.877197,370.7016602,0.795572877
341,1144.685303,301.5470276,0.938520312,1110.074707,315.7181702,0.968168497,1185.419189,346.9999084,0.568683445,1149.133301,353.9023132,0.396590203,1121.621704,367.4857483,0.872633874,1095.877197,370.7016602,0.635746598
342,1144.884644,303.1546631,0.933248639,1114.330322,314.9271851,0.966348767,1188.11377,346.9999084,0.48764047,1147.736084,350.0244751,0.334225625,1120.959595,361.1599426,0.612040102,1095.320801,368.0910645,0.853874981
343,1145.007568,303.2227173,0.913894355,1116.270752,315.086792,0.953160822,1194.849243,347.4444275,0.433239281,1147.736084,350.0244751,0.444389224,1120.959595,361.1599426,0.862203538,1095.320801,367.6221619,0.642134905
344,1149.213867,305.5597229,0.918796182,1120.564453,315.57724,0.964130402,1195.93103,347.4444275,0.56261158,1147.736084,350.0244751,0.534715593,1120.959595,360.917511,0.909103215,1095.320801,367.2565002,0.853802741
345,1154.42749,305.9580383,0.925886154,1125.628174,315.57724,0.978034317,1199.387207,347.4444275,0.653372526,1173.13916,357.1245728,0.324116439,1130.865356,361.1599426,0.693498671,1095.320801,367.2565002,0.722243309
346,1159.022217,305.9580383,0.909313083,1128.865112,315.3095093,0.974012554,1203.662842,347.6256409,0.708411276,1183.412476,357.3953552,0.39506492,1132.009155,362.8638916,0.416476965,1095.320801,366.9725037,0.48924464
347,1159.038086,305.5597229,0.920292914,1128.95874,315.3095093,0.975246787,1203.734131,347.6256409,0.752219141,1183.485229,357.8034363,0.407872528,1149.853516,363.4092712,0.373539716,1094.160278,366.95578,0.47156167
348,1161.586304,304.6191101,0.903464854,1131.719727,315.3095093,0.963730752,1204.40332,346.8276978,0.845193386,1184.592773,357.8034363,0.488325745,1150.186768,363.6410828,0.505502582,1093.985107,366.6963501,0.623042703
349,1162.87146,304.2824707,0.889490724,1133.361816,314.277832,0.938883126,1204.40332,347.0579834,0.856086314,1184.738892,357.3953552,0.519425154,1150.186768,363.6410828,0.54234755,1093.985107,366.6963501,0.644022763
350,1163.832153,304.1168213,0.878971338,1133.474365,314.2312622,0.942874849,1206.417114,347.0579834,0.735716283,1185.038696,356.3317566,0.526398003,1149.853516,363.6410828,0.506527543,1094.160278,366.95578,0.67180717
351,1163.832153,302.8641357,0.828525722,1135.214966,311.2695007,0.939914346,1212.11853,346.7624512,0.770215511,1186.664429,355.5142822,0.577589452,1141.101318,363.2278137,0.81212616,1102.165649,367.1232605,0.83634907
352,1163.832153,302.5307617,0.806930006,1136.74585,310.5816956,0.947831929,1213.294678,345.9380188,0.747458756,1186.93042,354.5329895,0.585501611,1141.101318,363.2278137,0.876427948,1102.165649,367.3670349,0.878365815
353,1163.832153,302.405365,0.85772413,1136.74585,310.3070679,0.926684439,1213.397461,343.4891357,0.678819776,1188.200806,354.0560913,0.457366794,1141.101318,362.3935852,0.884072661,1102.790039,367.3670349,0.859316587
354,1163.920776,302.3155212,0.818877578,1136.74585,309.9969177,0.936800122,1215.211426,343.3783569,0.700835407,1189.259644,353.5247192,0.508287489,1143.459351,362.3935852,0.860367537,1102.790039,367.5775452,0.779631019
355,1164.756836,298.0006409,0.809781969,1136.568237,308.4457397,0.939739048,1215.211426,343.3783569,0.556164742,1190.564697,352.0773315,0.370800823,1169.110352,361.3380432,0.838474929,1102.790039,367.583252,0.671199679
356,1165.068726,297.9343872,0.802058578,1136.74585,308.4444885,0.939217746,1215.211426,343.1047668,0.611919343,1190.564697,352.0773315,0.50079,1169.181763,361.3380432,0.800176024,1103.112305,367.5775452,0.813076556
357,1165.235352,297.9256592,0.798329473,1136.860107,308.3023682,0.943086207,1215.46814,343.1047668,0.592079103,1190.564697,352.0727234,0.534507096,1169.181763,361.3380432,0.812113523,1114.337769,368.1689453,0.875872433
358,1165.476685,297.5897217,0.838046372,1137.140991,307.6210632,0.954155803,1215.211426,343.2441406,0.542969048,1190.543823,352.0773315,0.395637393,1169.110352,361.5920715,0.720446706,1114.337769,368.1689453,0.689844012
359,1165.497437,297.4413452,0.831439316,1137.341309,306.9783325,0.948189378,1214.7052,343.3179016,0.562534153,1190.115234,352.1939392,0.466754168,1164.836304,362.0714722,0.78398782,1104.117676,367.9093018,0.665800273
360,1165.813721,296.6235046,0.891566753,1140.148315,304.4329529,0.96294111,1214.517822,343.2441406,0.591219902,1188.275513,352.8111877,0.404596686,1145.270996,362.0714722,0.650020778,1104.117676,367.4691467,0.783166766
361,1167.4823,295.2235107,0.902841151,1142.168457,302.5794373,0.970387816,1213.621704,343.2441406,0.583334267,1187.545166,352.8111877,0.354108602,1145.270996,362.0714722,0.530959189,1106.130127,367.0843506,0.693853319
362,1168.994019,294.4479065,0.925382555,1142.362549,301.6439209,0.971897125,1205.621094,342.9324341,0.468365639,1187.508057,352.8111877,0.284871101,1145.270996,362.0265198,0.554701209,1105.471191,366.494873,0.713940799
363,1169.436523,293.7830505,0.923213303,1142.621704,301.4040222,0.968565941,1205.621094,342.1680908,0.42808795,1187.508057,351.9407043,0.266206175,1145.527466,361.1050415,0.467757702,1106.130127,365.8025208,0.69320184
364,1170.539551,293.5215149,0.895551682,1142.655273,301.4040222,0.971653521,1205.329346,341.4904785,0.375918329,1187.36731,350.3800354,0.194380924,1165.400757,356.0517883,0.404880643,1106.774536,365.0120239,0.526191831
365,1171.352295,293.5215149,0.892133772,1143.585938,301.5181274,0.970968068,1205.621094,341.4904785,0.356557816,1187.508057,350.3800354,0.214294538,1165.400757,356.0517883,0.453148544,1129.408813,365.0120239,0.580276787
366,1173.917114,293.5215149,0.924711287,1148.794556,301.6439209,0.926663458,1206.093628,341.4904785,0.524053991,1193.259155,350.3800354,0.24337624,1165.400757,356.0517883,0.72249043,1130.963623,365.0120239,0.730277717
367,1182.489868,297.3637085,0.856127083,1157.484619,304.4346008,0.954324961,1220.627563,343.9938049,0.755167305,1194.631958,352.2426758,0.529280007,1164.660034,360.6710815,0.902073085,1133.287842,368.8832397,0.698145211
368,1192.607544,300.7823181,0.773911476,1159.77124,308.6781616,0.941524565,1222.308472,343.9938049,0.780329585,1194.631958,352.2426758,0.588284194,1164.660034,360.6710815,0.912642777,1134.22168,369.3667908,0.772349834
369,1192.750366,300.7823181,0.734346688,1160.204468,308.6781616,0.948778212,1222.691895,343.9938049,0.72521776,1199.842285,352.2426758,0.459543616,1164.660034,360.6710815,0.909772098,1134.22168,369.6069031,0.772473156
370,1193.180176,301.2931824,0.728173196,1161.404663,308.6781616,0.951398432,1223.833618,344.3586121,0.624945939,1201.028198,352.2426758,0.341838241,1166.613647,360.6710815,0.899996758,1134.765503,370.2161255,0.712348402
371,1193.507935,300.7823181,0.755620182,1166.248657,307.6401367,0.945142567,1223.995239,343.5512085,0.65263015,1202.433228,352.5911865,0.37401104,1167.633667,360.6710815,0.865417242,1135.403809,370.5794678,0.670780063
372,1207.080566,300.3004456,0.785253942,1175.614868,307.5045166,0.956670105,1235.904175,343.2840881,0.83333075,1211.936768,353.1588745,0.439467907,1179.319824,362.8270874,0.813379586,1152.350586,371.0689697,0.920675874
373,1216.767944,300.3004456,0.766526699,1188.472168,307.5045166,0.931879997,1244.296509,343.2840881,0.737680912,1228.178833,353.3291931,0.491796136,1191.522339,363.9764404,0.827303052,1163.85437,371.4891357,0.676038623
374,1216.772583,301.6478577,0.747050822,1188.724365,307.6401367,0.935298026,1244.961182,343.7115173,0.664247274,1230.027954,353.3392029,0.36483416,1195.785278,363.9764404,0.788205206,1165.828735,371.4891357,0.763720393
375,1220.057251,303.5898438,0.839139283,1189.895142,311.6882019,0.952351809,1246.083496,343.7115173,0.769896388,1230.100098,355.0253296,0.562774301,1196.013428,363.7370911,0.924095571,1169.744263,371.4891357,0.924646378
376,1222.763428,303.5898438,0.856220007,1189.895142,313.0167847,0.96039474,1246.083496,345.17099,0.769717753,1230.100098,356.5133972,0.59888798,1196.55957,363.7370911,0.880365193,1170.009155,370.5072021,0.931919932
377,1222.763428,303.5898438,0.897579432,1189.895142,313.0167847,0.965578735,1246.083496,345.17099,0.682883143,1230.100098,356.5133972,0.454594404,1196.55957,364.1060486,0.882187963,1170.009155,370.2889709,0.904693305
378,1222.763428,302.1719971,0.905686319,1189.116333,313.0167847,0.925977588,1243.716919,345.17099,0.612932801,1230.163696,356.5133972,0.375637144,1198.379517,363.7370911,0.695276558,1170.009155,370.1245117,0.812236845
379,1222.478149,299.3581543,0.846169472,1189.116333,310.362854,0.924543917,1243.38501,343.4733887,0.5988608,1228.723755,354.9710999,0.334845185,1198.379517,364.8433838,0.686192751,1170.009155,370.0287781,0.725359321
380,1222.478149,299.1126404,0.82815057,1189.116333,307.1527405,0.930007517,1243.38501,343.4266968,0.581419289,1228.723755,351.5065308,0.273232669,1200.109131,364.8433838,0.522543073,1170.383057,370.0287781,0.774073005
381,1222.001953,299.0072021,0.800246894,1191.250244,306.0132446,0.960318983,1243.38501,342.9790649,0.628233314,1229.269897,350.7425842,0.303468406,1219.063354,363.9068604,0.601317108,1171.652344,370.0287781,0.830953419
382,1222.359253,298.5748596,0.831103742,1191.630615,305.9258118,0.966806769,1243.743774,342.8144226,0.620601177,1230.163696,350.7425842,0.265859395,1220.858887,363.7358093,0.701962352,1172.178101,370.1245117,0.76271677
383,1222.359253,296.3675537,0.811055124,1193.174438,305.4673462,0.968059838,1243.743774,342.1025696,0.56951052,1229.269897,350.4737244,0.194162935,1222.842896,362.2496338,0.76809746,1177.528931,371.2760315,0.683850586
384,1222.359253,296.334259,0.786063612,1193.369995,305.2605286,0.967682421,1244.518921,342.0687561,0.55189091,1229.269897,350.4737244,0.189326033,1223.252075,361.4829407,0.77465415,1177.899048,371.4013367,0.550022602
